{
  "model_algorithm": "mlp",
  "sequence_length": 10,
  "feature_size": 43,
  "feature_columns": [
    "f0",
    "f1",
    "f2",
    "f3",
    "f4",
    "f5",
    "f6",
    "f7",
    "f8",
    "f9",
    "f10",
    "f11",
    "f12",
    "f13",
    "f14",
    "f15",
    "f16",
    "f17",
    "f18",
    "f19",
    "f20",
    "f21",
    "f22",
    "f23",
    "f24",
    "f25",
    "f26",
    "f27",
    "f28",
    "f29",
    "f30",
    "f31",
    "f32",
    "f33",
    "f34",
    "f35",
    "f36",
    "f37",
    "f38",
    "f39",
    "f40",
    "f41",
    "f42"
  ],
  "seed": 123,
  "threshold_local_rows": 50000,
  "dataset_rows": {
    "train": 1055,
    "val": 219,
    "test": 223,
    "total": 1497
  },
  "accuracy": {
    "best_val": 0.6529680365296804,
    "test": 0.6053811659192825
  },
  "macro_f1": 0.603117335221951,
  "per_class": {
    "AVOID_PERSON": {
      "precision": 0.6551724137931034,
      "recall": 0.6551724137931034,
      "f1": 0.6551724137931034
    },
    "MOVE_TO_CHAIR": {
      "precision": 0.46,
      "recall": 0.4107142857142857,
      "f1": 0.43396226415094336
    },
    "CHECK_TABLE": {
      "precision": 0.5901639344262295,
      "recall": 0.6666666666666666,
      "f1": 0.6260869565217391
    },
    "EXPLORE": {
      "precision": 0.7037037037037037,
      "recall": 0.6909090909090909,
      "f1": 0.6972477064220184
    }
  },
  "confusion_matrix": [
    [
      38,
      9,
      10,
      1
    ],
    [
      10,
      23,
      11,
      12
    ],
    [
      7,
      8,
      36,
      3
    ],
    [
      3,
      10,
      4,
      38
    ]
  ],
  "fresh_real_eval": {
    "path": "data/processed_sweep_20260507_133650/seed_123/fresh_real_eval.csv",
    "rows": 39,
    "accuracy": 0.6153846153846154,
    "macro_f1": 0.6072874493927126,
    "per_class": {
      "AVOID_PERSON": {
        "precision": 0.375,
        "recall": 1.0,
        "f1": 0.5454545454545454
      },
      "MOVE_TO_CHAIR": {
        "precision": 1.0,
        "recall": 0.5833333333333334,
        "f1": 0.7368421052631579
      },
      "CHECK_TABLE": {
        "precision": 0.5,
        "recall": 0.4166666666666667,
        "f1": 0.45454545454545453
      },
      "EXPLORE": {
        "precision": 0.6428571428571429,
        "recall": 0.75,
        "f1": 0.6923076923076924
      }
    },
    "confusion_matrix": [
      [
        3,
        0,
        0,
        0
      ],
      [
        1,
        7,
        2,
        2
      ],
      [
        4,
        0,
        5,
        3
      ],
      [
        0,
        0,
        3,
        9
      ]
    ]
  }
}