{
  "model_algorithm": "mlp",
  "sequence_length": 10,
  "feature_size": 43,
  "feature_columns": [
    "f0",
    "f1",
    "f2",
    "f3",
    "f4",
    "f5",
    "f6",
    "f7",
    "f8",
    "f9",
    "f10",
    "f11",
    "f12",
    "f13",
    "f14",
    "f15",
    "f16",
    "f17",
    "f18",
    "f19",
    "f20",
    "f21",
    "f22",
    "f23",
    "f24",
    "f25",
    "f26",
    "f27",
    "f28",
    "f29",
    "f30",
    "f31",
    "f32",
    "f33",
    "f34",
    "f35",
    "f36",
    "f37",
    "f38",
    "f39",
    "f40",
    "f41",
    "f42"
  ],
  "seed": 17,
  "threshold_local_rows": 50000,
  "dataset_rows": {
    "train": 1067,
    "val": 219,
    "test": 227,
    "total": 1513
  },
  "accuracy": {
    "best_val": 0.6027397260273972,
    "test": 0.6079295154185022
  },
  "macro_f1": 0.6117953666260552,
  "per_class": {
    "AVOID_PERSON": {
      "precision": 0.6491228070175439,
      "recall": 0.6379310344827587,
      "f1": 0.6434782608695653
    },
    "MOVE_TO_CHAIR": {
      "precision": 0.5172413793103449,
      "recall": 0.5357142857142857,
      "f1": 0.5263157894736843
    },
    "CHECK_TABLE": {
      "precision": 0.5223880597014925,
      "recall": 0.6140350877192983,
      "f1": 0.5645161290322579
    },
    "EXPLORE": {
      "precision": 0.8,
      "recall": 0.6428571428571429,
      "f1": 0.7128712871287128
    }
  },
  "confusion_matrix": [
    [
      37,
      7,
      12,
      2
    ],
    [
      7,
      30,
      14,
      5
    ],
    [
      9,
      11,
      35,
      2
    ],
    [
      4,
      10,
      6,
      36
    ]
  ],
  "fresh_real_eval": {
    "path": "data/processed_sweep_20260507_134301/seed_17/fresh_real_eval.csv",
    "rows": 23,
    "accuracy": 0.43478260869565216,
    "macro_f1": 0.35714285714285715,
    "per_class": {
      "AVOID_PERSON": {
        "precision": 0.0,
        "recall": 0.0,
        "f1": 0.0
      },
      "MOVE_TO_CHAIR": {
        "precision": 0.7142857142857143,
        "recall": 0.7142857142857143,
        "f1": 0.7142857142857143
      },
      "CHECK_TABLE": {
        "precision": 0.0,
        "recall": 0.0,
        "f1": 0.0
      },
      "EXPLORE": {
        "precision": 0.8333333333333334,
        "recall": 0.625,
        "f1": 0.7142857142857143
      }
    },
    "confusion_matrix": [
      [
        0,
        0,
        0,
        0
      ],
      [
        0,
        5,
        2,
        0
      ],
      [
        6,
        1,
        0,
        1
      ],
      [
        1,
        1,
        1,
        5
      ]
    ]
  }
}