{
  "model_algorithm": "mlp",
  "sequence_length": 10,
  "feature_size": 43,
  "feature_columns": [
    "f0",
    "f1",
    "f2",
    "f3",
    "f4",
    "f5",
    "f6",
    "f7",
    "f8",
    "f9",
    "f10",
    "f11",
    "f12",
    "f13",
    "f14",
    "f15",
    "f16",
    "f17",
    "f18",
    "f19",
    "f20",
    "f21",
    "f22",
    "f23",
    "f24",
    "f25",
    "f26",
    "f27",
    "f28",
    "f29",
    "f30",
    "f31",
    "f32",
    "f33",
    "f34",
    "f35",
    "f36",
    "f37",
    "f38",
    "f39",
    "f40",
    "f41",
    "f42"
  ],
  "seed": 123,
  "threshold_local_rows": 50000,
  "dataset_rows": {
    "train": 1107,
    "val": 227,
    "test": 235,
    "total": 1569
  },
  "accuracy": {
    "best_val": 0.7004405286343612,
    "test": 0.676595744680851
  },
  "macro_f1": 0.6816921482713529,
  "per_class": {
    "AVOID_PERSON": {
      "precision": 0.7592592592592593,
      "recall": 0.6949152542372882,
      "f1": 0.7256637168141593
    },
    "MOVE_TO_CHAIR": {
      "precision": 0.5892857142857143,
      "recall": 0.559322033898305,
      "f1": 0.5739130434782609
    },
    "CHECK_TABLE": {
      "precision": 0.5263157894736842,
      "recall": 0.7017543859649122,
      "f1": 0.6015037593984963
    },
    "EXPLORE": {
      "precision": 0.9183673469387755,
      "recall": 0.75,
      "f1": 0.8256880733944955
    }
  },
  "confusion_matrix": [
    [
      41,
      6,
      12,
      0
    ],
    [
      3,
      33,
      20,
      3
    ],
    [
      5,
      11,
      40,
      1
    ],
    [
      5,
      6,
      4,
      45
    ]
  ],
  "fresh_real_eval": {
    "path": "data/processed_sweep_freshIJ_h32_20260507_140750/seed_123/fresh_real_eval.csv",
    "rows": 23,
    "accuracy": 0.6086956521739131,
    "macro_f1": 0.4919467787114846,
    "per_class": {
      "AVOID_PERSON": {
        "precision": 0.0,
        "recall": 0.0,
        "f1": 0.0
      },
      "MOVE_TO_CHAIR": {
        "precision": 1.0,
        "recall": 0.7142857142857143,
        "f1": 0.8333333333333333
      },
      "CHECK_TABLE": {
        "precision": 0.5,
        "recall": 0.375,
        "f1": 0.42857142857142855
      },
      "EXPLORE": {
        "precision": 0.6666666666666666,
        "recall": 0.75,
        "f1": 0.7058823529411765
      }
    },
    "confusion_matrix": [
      [
        0,
        0,
        0,
        0
      ],
      [
        0,
        5,
        1,
        1
      ],
      [
        3,
        0,
        3,
        2
      ],
      [
        0,
        0,
        2,
        6
      ]
    ]
  }
}