{
  "model_algorithm": "mlp",
  "sequence_length": 10,
  "feature_size": 43,
  "feature_columns": [
    "f0",
    "f1",
    "f2",
    "f3",
    "f4",
    "f5",
    "f6",
    "f7",
    "f8",
    "f9",
    "f10",
    "f11",
    "f12",
    "f13",
    "f14",
    "f15",
    "f16",
    "f17",
    "f18",
    "f19",
    "f20",
    "f21",
    "f22",
    "f23",
    "f24",
    "f25",
    "f26",
    "f27",
    "f28",
    "f29",
    "f30",
    "f31",
    "f32",
    "f33",
    "f34",
    "f35",
    "f36",
    "f37",
    "f38",
    "f39",
    "f40",
    "f41",
    "f42"
  ],
  "seed": 42,
  "threshold_local_rows": 50000,
  "dataset_rows": {
    "train": 1091,
    "val": 227,
    "test": 231,
    "total": 1549
  },
  "accuracy": {
    "best_val": 0.6916299559471366,
    "test": 0.6363636363636364
  },
  "macro_f1": 0.6402750027750027,
  "per_class": {
    "AVOID_PERSON": {
      "precision": 0.8333333333333334,
      "recall": 0.6140350877192983,
      "f1": 0.7070707070707071
    },
    "MOVE_TO_CHAIR": {
      "precision": 0.5409836065573771,
      "recall": 0.559322033898305,
      "f1": 0.55
    },
    "CHECK_TABLE": {
      "precision": 0.5428571428571428,
      "recall": 0.6785714285714286,
      "f1": 0.603174603174603
    },
    "EXPLORE": {
      "precision": 0.7068965517241379,
      "recall": 0.6949152542372882,
      "f1": 0.7008547008547009
    }
  },
  "confusion_matrix": [
    [
      35,
      5,
      11,
      6
    ],
    [
      2,
      33,
      15,
      9
    ],
    [
      4,
      12,
      38,
      2
    ],
    [
      1,
      11,
      6,
      41
    ]
  ],
  "fresh_real_eval": {
    "path": "data/processed_tuning_20260507_134005/exp_08_hpc10_hmin32_hn0p25/seed_42/fresh_real_eval.csv",
    "rows": 31,
    "accuracy": 0.5161290322580645,
    "macro_f1": 0.4833333333333333,
    "per_class": {
      "AVOID_PERSON": {
        "precision": 0.25,
        "recall": 1.0,
        "f1": 0.4
      },
      "MOVE_TO_CHAIR": {
        "precision": 0.8,
        "recall": 0.4,
        "f1": 0.5333333333333333
      },
      "CHECK_TABLE": {
        "precision": 0.375,
        "recall": 0.3,
        "f1": 0.33333333333333326
      },
      "EXPLORE": {
        "precision": 0.5714285714285714,
        "recall": 0.8,
        "f1": 0.6666666666666666
      }
    },
    "confusion_matrix": [
      [
        1,
        0,
        0,
        0
      ],
      [
        0,
        4,
        5,
        1
      ],
      [
        2,
        0,
        3,
        5
      ],
      [
        1,
        1,
        0,
        8
      ]
    ]
  }
}