{
  "status": "promotable_no_write",
  "promotable": true,
  "baseline_path": "reports/metrics_promoted_baseline.json",
  "current_metrics_path": "reports/seed_sweep_cycleK_h32_20260507_142436/seed_17/metrics.json",
  "gate_results": {
    "test_accuracy_non_regression": {
      "passed": true,
      "old": 0.6320346320346321,
      "new": 0.6349809885931559,
      "tolerance": 0.005
    },
    "key_class_f1_non_regression": {
      "passed": true,
      "classes": {
        "CHECK_TABLE": {
          "passed": true,
          "old_f1": 0.5714285714285714,
          "new_f1": 0.5734265734265734
        },
        "MOVE_TO_CHAIR": {
          "passed": true,
          "old_f1": 0.49557522123893805,
          "new_f1": 0.5454545454545454
        }
      }
    },
    "fresh_real_improvement": {
      "passed": true,
      "old": {
        "accuracy": 0.5217391304347826,
        "macro_f1": 0.3894230769230769
      },
      "new": {
        "accuracy": 0.6521739130434783,
        "macro_f1": 0.5287081339712919
      },
      "delta": {
        "accuracy": 0.13043478260869568,
        "macro_f1": 0.13928505704821498
      },
      "required_delta": {
        "accuracy": 0.1,
        "macro_f1": 0.1
      }
    }
  },
  "failure_reasons": [],
  "recommended_actions": []
}