{
  "model_algorithm": "mlp",
  "sequence_length": 10,
  "feature_size": 43,
  "feature_columns": [
    "f0",
    "f1",
    "f2",
    "f3",
    "f4",
    "f5",
    "f6",
    "f7",
    "f8",
    "f9",
    "f10",
    "f11",
    "f12",
    "f13",
    "f14",
    "f15",
    "f16",
    "f17",
    "f18",
    "f19",
    "f20",
    "f21",
    "f22",
    "f23",
    "f24",
    "f25",
    "f26",
    "f27",
    "f28",
    "f29",
    "f30",
    "f31",
    "f32",
    "f33",
    "f34",
    "f35",
    "f36",
    "f37",
    "f38",
    "f39",
    "f40",
    "f41",
    "f42"
  ],
  "seed": 17,
  "threshold_local_rows": 50000,
  "dataset_rows": {
    "train": 1235,
    "val": 255,
    "test": 263,
    "total": 1753
  },
  "accuracy": {
    "best_val": 0.6980392156862745,
    "test": 0.6653992395437263
  },
  "macro_f1": 0.6722099280535001,
  "per_class": {
    "AVOID_PERSON": {
      "precision": 0.8627450980392157,
      "recall": 0.6666666666666666,
      "f1": 0.7521367521367521
    },
    "MOVE_TO_CHAIR": {
      "precision": 0.5454545454545454,
      "recall": 0.6461538461538462,
      "f1": 0.5915492957746479
    },
    "CHECK_TABLE": {
      "precision": 0.547945205479452,
      "recall": 0.5882352941176471,
      "f1": 0.5673758865248226
    },
    "EXPLORE": {
      "precision": 0.7903225806451613,
      "recall": 0.765625,
      "f1": 0.7777777777777778
    }
  },
  "confusion_matrix": [
    [
      44,
      5,
      14,
      3
    ],
    [
      2,
      42,
      15,
      6
    ],
    [
      5,
      19,
      40,
      4
    ],
    [
      0,
      11,
      4,
      49
    ]
  ],
  "fresh_real_eval": {
    "path": "data/processed_track1/20260507_145827/cycle_03_noise_check/seed_17/fresh_real_eval.csv",
    "rows": 39,
    "accuracy": 0.6153846153846154,
    "macro_f1": 0.611406442527724,
    "per_class": {
      "AVOID_PERSON": {
        "precision": 0.42857142857142855,
        "recall": 1.0,
        "f1": 0.6
      },
      "MOVE_TO_CHAIR": {
        "precision": 0.8571428571428571,
        "recall": 0.5,
        "f1": 0.631578947368421
      },
      "CHECK_TABLE": {
        "precision": 0.5454545454545454,
        "recall": 0.5,
        "f1": 0.5217391304347826
      },
      "EXPLORE": {
        "precision": 0.6428571428571429,
        "recall": 0.75,
        "f1": 0.6923076923076924
      }
    },
    "confusion_matrix": [
      [
        3,
        0,
        0,
        0
      ],
      [
        0,
        6,
        4,
        2
      ],
      [
        3,
        0,
        6,
        3
      ],
      [
        1,
        1,
        1,
        9
      ]
    ]
  }
}