{
  "model_algorithm": "gru",
  "sequence_length": 10,
  "feature_size": 43,
  "feature_columns": [
    "f0",
    "f1",
    "f2",
    "f3",
    "f4",
    "f5",
    "f6",
    "f7",
    "f8",
    "f9",
    "f10",
    "f11",
    "f12",
    "f13",
    "f14",
    "f15",
    "f16",
    "f17",
    "f18",
    "f19",
    "f20",
    "f21",
    "f22",
    "f23",
    "f24",
    "f25",
    "f26",
    "f27",
    "f28",
    "f29",
    "f30",
    "f31",
    "f32",
    "f33",
    "f34",
    "f35",
    "f36",
    "f37",
    "f38",
    "f39",
    "f40",
    "f41",
    "f42"
  ],
  "seed": 123,
  "threshold_local_rows": 50000,
  "dataset_rows": {
    "train": 671,
    "val": 135,
    "test": 143,
    "total": 949
  },
  "accuracy": {
    "best_val": 0.8074074074074075,
    "test": 0.7202797202797203
  },
  "macro_f1": 0.7158023016231971,
  "per_class": {
    "AVOID_PERSON": {
      "precision": 0.75,
      "recall": 0.8918918918918919,
      "f1": 0.8148148148148148
    },
    "MOVE_TO_CHAIR": {
      "precision": 0.6153846153846154,
      "recall": 0.7272727272727273,
      "f1": 0.6666666666666667
    },
    "CHECK_TABLE": {
      "precision": 0.6551724137931034,
      "recall": 0.5135135135135135,
      "f1": 0.5757575757575758
    },
    "EXPLORE": {
      "precision": 0.8709677419354839,
      "recall": 0.75,
      "f1": 0.8059701492537312
    }
  },
  "confusion_matrix": [
    [
      33,
      3,
      1,
      0
    ],
    [
      1,
      24,
      6,
      2
    ],
    [
      10,
      6,
      19,
      2
    ],
    [
      0,
      6,
      3,
      27
    ]
  ],
  "fresh_real_eval": {
    "path": "data/processed_sweep_20260507_000721/seed_123/fresh_real_eval.csv",
    "rows": 39,
    "accuracy": 0.717948717948718,
    "macro_f1": 0.6615488215488216,
    "per_class": {
      "AVOID_PERSON": {
        "precision": 0.375,
        "recall": 1.0,
        "f1": 0.5454545454545454
      },
      "MOVE_TO_CHAIR": {
        "precision": 0.6666666666666666,
        "recall": 0.8333333333333334,
        "f1": 0.7407407407407408
      },
      "CHECK_TABLE": {
        "precision": 1.0,
        "recall": 0.25,
        "f1": 0.4
      },
      "EXPLORE": {
        "precision": 0.9230769230769231,
        "recall": 1.0,
        "f1": 0.9600000000000001
      }
    },
    "confusion_matrix": [
      [
        3,
        0,
        0,
        0
      ],
      [
        1,
        10,
        0,
        1
      ],
      [
        4,
        5,
        3,
        0
      ],
      [
        0,
        0,
        0,
        12
      ]
    ]
  }
}