{
  "model_algorithm": "gru",
  "sequence_length": 10,
  "feature_size": 43,
  "feature_columns": [
    "f0",
    "f1",
    "f2",
    "f3",
    "f4",
    "f5",
    "f6",
    "f7",
    "f8",
    "f9",
    "f10",
    "f11",
    "f12",
    "f13",
    "f14",
    "f15",
    "f16",
    "f17",
    "f18",
    "f19",
    "f20",
    "f21",
    "f22",
    "f23",
    "f24",
    "f25",
    "f26",
    "f27",
    "f28",
    "f29",
    "f30",
    "f31",
    "f32",
    "f33",
    "f34",
    "f35",
    "f36",
    "f37",
    "f38",
    "f39",
    "f40",
    "f41",
    "f42"
  ],
  "seed": 42,
  "threshold_local_rows": 50000,
  "dataset_rows": {
    "train": 695,
    "val": 139,
    "test": 147,
    "total": 981
  },
  "accuracy": {
    "best_val": 0.7410071942446043,
    "test": 0.7074829931972789
  },
  "macro_f1": 0.7111494960957327,
  "per_class": {
    "AVOID_PERSON": {
      "precision": 0.7692307692307693,
      "recall": 0.7894736842105263,
      "f1": 0.7792207792207793
    },
    "MOVE_TO_CHAIR": {
      "precision": 0.5833333333333334,
      "recall": 0.5526315789473685,
      "f1": 0.5675675675675677
    },
    "CHECK_TABLE": {
      "precision": 0.6363636363636364,
      "recall": 0.7567567567567568,
      "f1": 0.691358024691358
    },
    "EXPLORE": {
      "precision": 0.8928571428571429,
      "recall": 0.7352941176470589,
      "f1": 0.806451612903226
    }
  },
  "confusion_matrix": [
    [
      30,
      5,
      2,
      1
    ],
    [
      5,
      21,
      10,
      2
    ],
    [
      4,
      5,
      28,
      0
    ],
    [
      0,
      5,
      4,
      25
    ]
  ],
  "fresh_real_eval": {
    "path": "data/processed_sweep_20260507_132511/seed_42/fresh_real_eval.csv",
    "rows": 39,
    "accuracy": 0.6153846153846154,
    "macro_f1": 0.5860323886639676,
    "per_class": {
      "AVOID_PERSON": {
        "precision": 0.375,
        "recall": 1.0,
        "f1": 0.5454545454545454
      },
      "MOVE_TO_CHAIR": {
        "precision": 0.5,
        "recall": 0.4166666666666667,
        "f1": 0.45454545454545453
      },
      "CHECK_TABLE": {
        "precision": 0.5714285714285714,
        "recall": 0.3333333333333333,
        "f1": 0.4210526315789474
      },
      "EXPLORE": {
        "precision": 0.8571428571428571,
        "recall": 1.0,
        "f1": 0.923076923076923
      }
    },
    "confusion_matrix": [
      [
        3,
        0,
        0,
        0
      ],
      [
        2,
        5,
        3,
        2
      ],
      [
        3,
        5,
        4,
        0
      ],
      [
        0,
        0,
        0,
        12
      ]
    ]
  }
}