{
  "model_algorithm": "gru",
  "sequence_length": 10,
  "feature_size": 43,
  "feature_columns": [
    "f0",
    "f1",
    "f2",
    "f3",
    "f4",
    "f5",
    "f6",
    "f7",
    "f8",
    "f9",
    "f10",
    "f11",
    "f12",
    "f13",
    "f14",
    "f15",
    "f16",
    "f17",
    "f18",
    "f19",
    "f20",
    "f21",
    "f22",
    "f23",
    "f24",
    "f25",
    "f26",
    "f27",
    "f28",
    "f29",
    "f30",
    "f31",
    "f32",
    "f33",
    "f34",
    "f35",
    "f36",
    "f37",
    "f38",
    "f39",
    "f40",
    "f41",
    "f42"
  ],
  "threshold_local_rows": 50000,
  "dataset_rows": {
    "train": 585,
    "val": 117,
    "test": 122,
    "total": 824
  },
  "accuracy": {
    "best_val": 0.6324786324786325,
    "test": 0.6967213114754098
  },
  "macro_f1": 0.6860161405495913,
  "per_class": {
    "AVOID_PERSON": {
      "precision": 0.7,
      "recall": 0.9032258064516129,
      "f1": 0.7887323943661972
    },
    "MOVE_TO_CHAIR": {
      "precision": 0.6470588235294118,
      "recall": 0.7096774193548387,
      "f1": 0.6769230769230768
    },
    "CHECK_TABLE": {
      "precision": 0.8666666666666667,
      "recall": 0.4482758620689655,
      "f1": 0.5909090909090909
    },
    "EXPLORE": {
      "precision": 0.6666666666666666,
      "recall": 0.7096774193548387,
      "f1": 0.6875
    }
  },
  "confusion_matrix": [
    [
      28,
      3,
      0,
      0
    ],
    [
      4,
      22,
      1,
      4
    ],
    [
      5,
      4,
      13,
      7
    ],
    [
      3,
      5,
      1,
      22
    ]
  ],
  "fresh_real_eval": {
    "path": "data/processed_exp_candidate_none_30_32_1e3/fresh_real_eval.csv",
    "rows": 14,
    "accuracy": 0.8571428571428571,
    "macro_f1": 0.5805555555555555,
    "per_class": {
      "AVOID_PERSON": {
        "precision": 0.8,
        "recall": 1.0,
        "f1": 0.888888888888889
      },
      "MOVE_TO_CHAIR": {
        "precision": 1.0,
        "recall": 0.3333333333333333,
        "f1": 0.5
      },
      "CHECK_TABLE": {
        "precision": 0.0,
        "recall": 0.0,
        "f1": 0.0
      },
      "EXPLORE": {
        "precision": 0.875,
        "recall": 1.0,
        "f1": 0.9333333333333333
      }
    },
    "confusion_matrix": [
      [
        4,
        0,
        0,
        0
      ],
      [
        1,
        1,
        0,
        1
      ],
      [
        0,
        0,
        0,
        0
      ],
      [
        0,
        0,
        0,
        7
      ]
    ]
  }
}