{
  "model_algorithm": "gru",
  "sequence_length": 10,
  "feature_size": 43,
  "feature_columns": [
    "f0",
    "f1",
    "f2",
    "f3",
    "f4",
    "f5",
    "f6",
    "f7",
    "f8",
    "f9",
    "f10",
    "f11",
    "f12",
    "f13",
    "f14",
    "f15",
    "f16",
    "f17",
    "f18",
    "f19",
    "f20",
    "f21",
    "f22",
    "f23",
    "f24",
    "f25",
    "f26",
    "f27",
    "f28",
    "f29",
    "f30",
    "f31",
    "f32",
    "f33",
    "f34",
    "f35",
    "f36",
    "f37",
    "f38",
    "f39",
    "f40",
    "f41",
    "f42"
  ],
  "threshold_local_rows": 50000,
  "dataset_rows": {
    "train": 477,
    "val": 94,
    "test": 98,
    "total": 669
  },
  "accuracy": {
    "best_val": 0.7872340425531915,
    "test": 0.7448979591836735
  },
  "macro_f1": 0.7415693674442022,
  "per_class": {
    "AVOID_PERSON": {
      "precision": 0.8333333333333334,
      "recall": 0.8,
      "f1": 0.816326530612245
    },
    "MOVE_TO_CHAIR": {
      "precision": 0.6774193548387096,
      "recall": 0.7777777777777778,
      "f1": 0.7241379310344828
    },
    "CHECK_TABLE": {
      "precision": 0.6842105263157895,
      "recall": 0.5909090909090909,
      "f1": 0.6341463414634148
    },
    "EXPLORE": {
      "precision": 0.7916666666666666,
      "recall": 0.7916666666666666,
      "f1": 0.7916666666666666
    }
  },
  "confusion_matrix": [
    [
      20,
      3,
      1,
      1
    ],
    [
      1,
      21,
      4,
      1
    ],
    [
      0,
      6,
      13,
      3
    ],
    [
      3,
      1,
      1,
      19
    ]
  ],
  "fresh_real_eval": {
    "path": "data/processed_exp_none_30_32_1e3/fresh_real_eval.csv",
    "rows": 37,
    "accuracy": 0.5135135135135135,
    "macro_f1": 0.40595238095238095,
    "per_class": {
      "AVOID_PERSON": {
        "precision": 1.0,
        "recall": 0.7142857142857143,
        "f1": 0.8333333333333333
      },
      "MOVE_TO_CHAIR": {
        "precision": 0.6666666666666666,
        "recall": 0.1111111111111111,
        "f1": 0.1904761904761905
      },
      "CHECK_TABLE": {
        "precision": 0.0,
        "recall": 0.0,
        "f1": 0.0
      },
      "EXPLORE": {
        "precision": 0.42857142857142855,
        "recall": 1.0,
        "f1": 0.6
      }
    },
    "confusion_matrix": [
      [
        5,
        1,
        0,
        1
      ],
      [
        0,
        2,
        1,
        15
      ],
      [
        0,
        0,
        0,
        0
      ],
      [
        0,
        0,
        0,
        12
      ]
    ]
  }
}