{
  "model_algorithm": "mlp",
  "sequence_length": 10,
  "feature_size": 43,
  "feature_columns": [
    "f0",
    "f1",
    "f2",
    "f3",
    "f4",
    "f5",
    "f6",
    "f7",
    "f8",
    "f9",
    "f10",
    "f11",
    "f12",
    "f13",
    "f14",
    "f15",
    "f16",
    "f17",
    "f18",
    "f19",
    "f20",
    "f21",
    "f22",
    "f23",
    "f24",
    "f25",
    "f26",
    "f27",
    "f28",
    "f29",
    "f30",
    "f31",
    "f32",
    "f33",
    "f34",
    "f35",
    "f36",
    "f37",
    "f38",
    "f39",
    "f40",
    "f41",
    "f42"
  ],
  "seed": 42,
  "threshold_local_rows": 50000,
  "dataset_rows": {
    "train": 1095,
    "val": 227,
    "test": 231,
    "total": 1553
  },
  "accuracy": {
    "best_val": 0.7224669603524229,
    "test": 0.670995670995671
  },
  "macro_f1": 0.67213124357954,
  "per_class": {
    "AVOID_PERSON": {
      "precision": 0.746031746031746,
      "recall": 0.8245614035087719,
      "f1": 0.7833333333333334
    },
    "MOVE_TO_CHAIR": {
      "precision": 0.5714285714285714,
      "recall": 0.6101694915254238,
      "f1": 0.5901639344262296
    },
    "CHECK_TABLE": {
      "precision": 0.543859649122807,
      "recall": 0.5535714285714286,
      "f1": 0.5486725663716814
    },
    "EXPLORE": {
      "precision": 0.8541666666666666,
      "recall": 0.6949152542372882,
      "f1": 0.7663551401869159
    }
  },
  "confusion_matrix": [
    [
      47,
      3,
      7,
      0
    ],
    [
      6,
      36,
      12,
      5
    ],
    [
      9,
      14,
      31,
      2
    ],
    [
      1,
      10,
      7,
      41
    ]
  ],
  "fresh_real_eval": {
    "path": "data/processed_sweep_freshIJ_h48hpc12_20260507_140925/seed_42/fresh_real_eval.csv",
    "rows": 39,
    "accuracy": 0.5897435897435898,
    "macro_f1": 0.5659157775862581,
    "per_class": {
      "AVOID_PERSON": {
        "precision": 0.18181818181818182,
        "recall": 0.6666666666666666,
        "f1": 0.28571428571428575
      },
      "MOVE_TO_CHAIR": {
        "precision": 1.0,
        "recall": 0.5833333333333334,
        "f1": 0.7368421052631579
      },
      "CHECK_TABLE": {
        "precision": 0.6,
        "recall": 0.5,
        "f1": 0.5454545454545454
      },
      "EXPLORE": {
        "precision": 0.7272727272727273,
        "recall": 0.6666666666666666,
        "f1": 0.6956521739130435
      }
    },
    "confusion_matrix": [
      [
        2,
        0,
        0,
        1
      ],
      [
        3,
        7,
        1,
        1
      ],
      [
        5,
        0,
        6,
        1
      ],
      [
        1,
        0,
        3,
        8
      ]
    ]
  }
}