{
  "model_algorithm": "mlp",
  "threshold_local_rows": 50000,
  "dataset_rows": {
    "train": 336,
    "val": 72,
    "test": 72,
    "total": 480
  },
  "accuracy": {
    "best_val": 0.9027777777777778,
    "test": 0.8888888888888888
  },
  "macro_f1": 0.8888030888030888,
  "per_class": {
    "AVOID_PERSON": {
      "precision": 0.9411764705882353,
      "recall": 0.8888888888888888,
      "f1": 0.9142857142857143
    },
    "MOVE_TO_CHAIR": {
      "precision": 0.8947368421052632,
      "recall": 0.9444444444444444,
      "f1": 0.918918918918919
    },
    "CHECK_TABLE": {
      "precision": 0.8823529411764706,
      "recall": 0.8333333333333334,
      "f1": 0.8571428571428571
    },
    "EXPLORE": {
      "precision": 0.8421052631578947,
      "recall": 0.8888888888888888,
      "f1": 0.8648648648648649
    }
  },
  "confusion_matrix": [
    [
      16,
      0,
      1,
      1
    ],
    [
      0,
      17,
      0,
      1
    ],
    [
      0,
      2,
      15,
      1
    ],
    [
      1,
      0,
      1,
      16
    ]
  ]
}