{
  "model_algorithm": "mlp",
  "sequence_length": 10,
  "feature_size": 43,
  "feature_columns": [
    "f0",
    "f1",
    "f2",
    "f3",
    "f4",
    "f5",
    "f6",
    "f7",
    "f8",
    "f9",
    "f10",
    "f11",
    "f12",
    "f13",
    "f14",
    "f15",
    "f16",
    "f17",
    "f18",
    "f19",
    "f20",
    "f21",
    "f22",
    "f23",
    "f24",
    "f25",
    "f26",
    "f27",
    "f28",
    "f29",
    "f30",
    "f31",
    "f32",
    "f33",
    "f34",
    "f35",
    "f36",
    "f37",
    "f38",
    "f39",
    "f40",
    "f41",
    "f42"
  ],
  "seed": 42,
  "threshold_local_rows": 50000,
  "dataset_rows": {
    "train": 1247,
    "val": 259,
    "test": 263,
    "total": 1769
  },
  "accuracy": {
    "best_val": 0.5984555984555985,
    "test": 0.5171102661596958
  },
  "macro_f1": 0.5190637947296924,
  "per_class": {
    "AVOID_PERSON": {
      "precision": 0.6666666666666666,
      "recall": 0.5151515151515151,
      "f1": 0.5811965811965812
    },
    "MOVE_TO_CHAIR": {
      "precision": 0.43902439024390244,
      "recall": 0.5373134328358209,
      "f1": 0.48322147651006714
    },
    "CHECK_TABLE": {
      "precision": 0.3968253968253968,
      "recall": 0.38461538461538464,
      "f1": 0.39062500000000006
    },
    "EXPLORE": {
      "precision": 0.6119402985074627,
      "recall": 0.6307692307692307,
      "f1": 0.6212121212121212
    }
  },
  "confusion_matrix": [
    [
      34,
      11,
      15,
      6
    ],
    [
      4,
      36,
      16,
      11
    ],
    [
      9,
      22,
      25,
      9
    ],
    [
      4,
      13,
      7,
      41
    ]
  ],
  "fresh_real_eval": {
    "path": "data/processed/fresh_real_eval.csv",
    "rows": 23,
    "accuracy": 0.5652173913043478,
    "macro_f1": 0.4145299145299145,
    "per_class": {
      "AVOID_PERSON": {
        "precision": 0.0,
        "recall": 0.0,
        "f1": 0.0
      },
      "MOVE_TO_CHAIR": {
        "precision": 0.5,
        "recall": 0.42857142857142855,
        "f1": 0.4615384615384615
      },
      "CHECK_TABLE": {
        "precision": 0.4,
        "recall": 0.25,
        "f1": 0.3076923076923077
      },
      "EXPLORE": {
        "precision": 0.8,
        "recall": 1.0,
        "f1": 0.888888888888889
      }
    },
    "confusion_matrix": [
      [
        0,
        0,
        0,
        0
      ],
      [
        0,
        3,
        3,
        1
      ],
      [
        2,
        3,
        2,
        1
      ],
      [
        0,
        0,
        0,
        8
      ]
    ]
  }
}