{
  "model_algorithm": "mlp",
  "sequence_length": 10,
  "feature_size": 43,
  "feature_columns": [
    "f0",
    "f1",
    "f2",
    "f3",
    "f4",
    "f5",
    "f6",
    "f7",
    "f8",
    "f9",
    "f10",
    "f11",
    "f12",
    "f13",
    "f14",
    "f15",
    "f16",
    "f17",
    "f18",
    "f19",
    "f20",
    "f21",
    "f22",
    "f23",
    "f24",
    "f25",
    "f26",
    "f27",
    "f28",
    "f29",
    "f30",
    "f31",
    "f32",
    "f33",
    "f34",
    "f35",
    "f36",
    "f37",
    "f38",
    "f39",
    "f40",
    "f41",
    "f42"
  ],
  "seed": 42,
  "training": {
    "epochs": 30,
    "batch_size": 32,
    "lr": 0.001,
    "weight_decay": 0.0,
    "label_smoothing": 0.0
  },
  "threshold_local_rows": 50000,
  "dataset_rows": {
    "train": 6839,
    "val": 1459,
    "test": 1463,
    "total": 9761
  },
  "accuracy": {
    "best_val": 0.9115832762165867,
    "test": 0.9152426520847573
  },
  "macro_f1": 0.9154916078754607,
  "per_class": {
    "AVOID_PERSON": {
      "precision": 0.947945205479452,
      "recall": 0.953168044077135,
      "f1": 0.9505494505494505
    },
    "MOVE_TO_CHAIR": {
      "precision": 0.8861788617886179,
      "recall": 0.8910081743869209,
      "f1": 0.8885869565217391
    },
    "CHECK_TABLE": {
      "precision": 0.8786279683377308,
      "recall": 0.9098360655737705,
      "f1": 0.8939597315436241
    },
    "EXPLORE": {
      "precision": 0.9514285714285714,
      "recall": 0.9073569482288828,
      "f1": 0.9288702928870294
    }
  },
  "confusion_matrix": [
    [
      346,
      6,
      9,
      2
    ],
    [
      9,
      327,
      21,
      10
    ],
    [
      9,
      19,
      333,
      5
    ],
    [
      1,
      17,
      16,
      333
    ]
  ],
  "fresh_real_eval": {
    "path": "data/processed/fresh_real_eval.csv",
    "rows": 39,
    "accuracy": 0.5384615384615384,
    "macro_f1": 0.5674815380697734,
    "per_class": {
      "AVOID_PERSON": {
        "precision": 0.75,
        "recall": 1.0,
        "f1": 0.8571428571428571
      },
      "MOVE_TO_CHAIR": {
        "precision": 0.6666666666666666,
        "recall": 0.5,
        "f1": 0.5714285714285715
      },
      "CHECK_TABLE": {
        "precision": 0.4,
        "recall": 0.16666666666666666,
        "f1": 0.23529411764705882
      },
      "EXPLORE": {
        "precision": 0.47619047619047616,
        "recall": 0.8333333333333334,
        "f1": 0.6060606060606061
      }
    },
    "confusion_matrix": [
      [
        3,
        0,
        0,
        0
      ],
      [
        0,
        6,
        2,
        4
      ],
      [
        1,
        2,
        2,
        7
      ],
      [
        0,
        1,
        1,
        10
      ]
    ]
  }
}