{
  "model_algorithm": "gru",
  "sequence_length": 10,
  "feature_size": 43,
  "feature_columns": [
    "f0",
    "f1",
    "f2",
    "f3",
    "f4",
    "f5",
    "f6",
    "f7",
    "f8",
    "f9",
    "f10",
    "f11",
    "f12",
    "f13",
    "f14",
    "f15",
    "f16",
    "f17",
    "f18",
    "f19",
    "f20",
    "f21",
    "f22",
    "f23",
    "f24",
    "f25",
    "f26",
    "f27",
    "f28",
    "f29",
    "f30",
    "f31",
    "f32",
    "f33",
    "f34",
    "f35",
    "f36",
    "f37",
    "f38",
    "f39",
    "f40",
    "f41",
    "f42"
  ],
  "seed": 42,
  "threshold_local_rows": 50000,
  "dataset_rows": {
    "train": 691,
    "val": 139,
    "test": 143,
    "total": 973
  },
  "accuracy": {
    "best_val": 0.7122302158273381,
    "test": 0.7062937062937062
  },
  "macro_f1": 0.708160800552105,
  "per_class": {
    "AVOID_PERSON": {
      "precision": 0.7142857142857143,
      "recall": 0.7142857142857143,
      "f1": 0.7142857142857143
    },
    "MOVE_TO_CHAIR": {
      "precision": 0.5945945945945946,
      "recall": 0.6285714285714286,
      "f1": 0.611111111111111
    },
    "CHECK_TABLE": {
      "precision": 0.6578947368421053,
      "recall": 0.6756756756756757,
      "f1": 0.6666666666666667
    },
    "EXPLORE": {
      "precision": 0.8787878787878788,
      "recall": 0.8055555555555556,
      "f1": 0.8405797101449276
    }
  },
  "confusion_matrix": [
    [
      25,
      5,
      5,
      0
    ],
    [
      5,
      22,
      6,
      2
    ],
    [
      4,
      6,
      25,
      2
    ],
    [
      1,
      4,
      2,
      29
    ]
  ],
  "fresh_real_eval": {
    "path": "data/processed/fresh_real_eval.csv",
    "rows": 39,
    "accuracy": 0.7692307692307693,
    "macro_f1": 0.746031746031746,
    "per_class": {
      "AVOID_PERSON": {
        "precision": 0.5,
        "recall": 1.0,
        "f1": 0.6666666666666666
      },
      "MOVE_TO_CHAIR": {
        "precision": 0.7777777777777778,
        "recall": 0.5833333333333334,
        "f1": 0.6666666666666666
      },
      "CHECK_TABLE": {
        "precision": 0.8888888888888888,
        "recall": 0.6666666666666666,
        "f1": 0.761904761904762
      },
      "EXPLORE": {
        "precision": 0.8,
        "recall": 1.0,
        "f1": 0.888888888888889
      }
    },
    "confusion_matrix": [
      [
        3,
        0,
        0,
        0
      ],
      [
        1,
        7,
        1,
        3
      ],
      [
        2,
        2,
        8,
        0
      ],
      [
        0,
        0,
        0,
        12
      ]
    ]
  }
}