{
  "model_algorithm": "mlp",
  "threshold_local_rows": 50000,
  "dataset_rows": {
    "train": 68,
    "val": 12,
    "test": 20,
    "total": 100
  },
  "accuracy": {
    "best_val": 0.75,
    "test": 0.7
  },
  "macro_f1": 0.661904761904762,
  "per_class": {
    "AVOID_PERSON": {
      "precision": 0.8,
      "recall": 0.8,
      "f1": 0.8000000000000002
    },
    "MOVE_TO_CHAIR": {
      "precision": 0.8,
      "recall": 0.8,
      "f1": 0.8000000000000002
    },
    "CHECK_TABLE": {
      "precision": 0.5555555555555556,
      "recall": 1.0,
      "f1": 0.7142857142857143
    },
    "EXPLORE": {
      "precision": 1.0,
      "recall": 0.2,
      "f1": 0.33333333333333337
    }
  },
  "confusion_matrix": [
    [
      4,
      1,
      0,
      0
    ],
    [
      1,
      4,
      0,
      0
    ],
    [
      0,
      0,
      5,
      0
    ],
    [
      0,
      0,
      4,
      1
    ]
  ],
  "fresh_real_eval": {
    "path": "data/processed/fresh_real_eval.csv",
    "rows": 84,
    "accuracy": 0.75,
    "macro_f1": 0.6495810955961332,
    "per_class": {
      "AVOID_PERSON": {
        "precision": 0.92,
        "recall": 0.92,
        "f1": 0.92
      },
      "MOVE_TO_CHAIR": {
        "precision": 0.92,
        "recall": 0.92,
        "f1": 0.92
      },
      "CHECK_TABLE": {
        "precision": 0.5,
        "recall": 0.9411764705882353,
        "f1": 0.6530612244897959
      },
      "EXPLORE": {
        "precision": 0.5,
        "recall": 0.058823529411764705,
        "f1": 0.10526315789473684
      }
    },
    "confusion_matrix": [
      [
        23,
        2,
        0,
        0
      ],
      [
        2,
        23,
        0,
        0
      ],
      [
        0,
        0,
        16,
        1
      ],
      [
        0,
        0,
        16,
        1
      ]
    ]
  }
}