{
  "model_algorithm": "mlp",
  "threshold_local_rows": 50000,
  "dataset_rows": {
    "train": 522,
    "val": 111,
    "test": 116,
    "total": 749
  },
  "accuracy": {
    "best_val": 0.8198198198198198,
    "test": 0.7068965517241379
  },
  "macro_f1": 0.7058251689830637,
  "per_class": {
    "AVOID_PERSON": {
      "precision": 0.696969696969697,
      "recall": 0.7666666666666667,
      "f1": 0.7301587301587302
    },
    "MOVE_TO_CHAIR": {
      "precision": 0.6923076923076923,
      "recall": 0.6206896551724138,
      "f1": 0.6545454545454545
    },
    "CHECK_TABLE": {
      "precision": 0.7,
      "recall": 0.7777777777777778,
      "f1": 0.7368421052631577
    },
    "EXPLORE": {
      "precision": 0.7407407407407407,
      "recall": 0.6666666666666666,
      "f1": 0.7017543859649122
    }
  },
  "confusion_matrix": [
    [
      23,
      2,
      4,
      1
    ],
    [
      7,
      18,
      1,
      3
    ],
    [
      1,
      2,
      21,
      3
    ],
    [
      2,
      4,
      4,
      20
    ]
  ],
  "fresh_real_eval": {
    "path": "data/processed/fresh_real_eval.csv",
    "rows": 12,
    "accuracy": 1.0,
    "macro_f1": 0.25,
    "per_class": {
      "AVOID_PERSON": {
        "precision": 1.0,
        "recall": 1.0,
        "f1": 1.0
      },
      "MOVE_TO_CHAIR": {
        "precision": 0.0,
        "recall": 0.0,
        "f1": 0.0
      },
      "CHECK_TABLE": {
        "precision": 0.0,
        "recall": 0.0,
        "f1": 0.0
      },
      "EXPLORE": {
        "precision": 0.0,
        "recall": 0.0,
        "f1": 0.0
      }
    },
    "confusion_matrix": [
      [
        12,
        0,
        0,
        0
      ],
      [
        0,
        0,
        0,
        0
      ],
      [
        0,
        0,
        0,
        0
      ],
      [
        0,
        0,
        0,
        0
      ]
    ]
  }
}