{
  "model_algorithm": "mlp",
  "sequence_length": 10,
  "feature_size": 43,
  "feature_columns": [
    "f0",
    "f1",
    "f2",
    "f3",
    "f4",
    "f5",
    "f6",
    "f7",
    "f8",
    "f9",
    "f10",
    "f11",
    "f12",
    "f13",
    "f14",
    "f15",
    "f16",
    "f17",
    "f18",
    "f19",
    "f20",
    "f21",
    "f22",
    "f23",
    "f24",
    "f25",
    "f26",
    "f27",
    "f28",
    "f29",
    "f30",
    "f31",
    "f32",
    "f33",
    "f34",
    "f35",
    "f36",
    "f37",
    "f38",
    "f39",
    "f40",
    "f41",
    "f42"
  ],
  "seed": 42,
  "training": {
    "epochs": 30,
    "batch_size": 32,
    "lr": 0.001,
    "weight_decay": 0.0,
    "label_smoothing": 0.0
  },
  "threshold_local_rows": 50000,
  "dataset_rows": {
    "train": 1951,
    "val": 411,
    "test": 415,
    "total": 2777
  },
  "accuracy": {
    "best_val": 0.7712895377128953,
    "test": 0.7590361445783133
  },
  "macro_f1": 0.7566800996370175,
  "per_class": {
    "AVOID_PERSON": {
      "precision": 0.736,
      "recall": 0.8846153846153846,
      "f1": 0.8034934497816593
    },
    "MOVE_TO_CHAIR": {
      "precision": 0.7157894736842105,
      "recall": 0.6538461538461539,
      "f1": 0.6834170854271358
    },
    "CHECK_TABLE": {
      "precision": 0.7083333333333334,
      "recall": 0.6666666666666666,
      "f1": 0.6868686868686869
    },
    "EXPLORE": {
      "precision": 0.8787878787878788,
      "recall": 0.8285714285714286,
      "f1": 0.8529411764705883
    }
  },
  "confusion_matrix": [
    [
      92,
      4,
      8,
      0
    ],
    [
      14,
      68,
      16,
      6
    ],
    [
      14,
      14,
      68,
      6
    ],
    [
      5,
      9,
      4,
      87
    ]
  ],
  "fresh_real_eval": {
    "path": "data/processed/fresh_real_eval.csv",
    "rows": 39,
    "accuracy": 0.5897435897435898,
    "macro_f1": 0.5868347338935574,
    "per_class": {
      "AVOID_PERSON": {
        "precision": 0.6666666666666666,
        "recall": 0.6666666666666666,
        "f1": 0.6666666666666666
      },
      "MOVE_TO_CHAIR": {
        "precision": 1.0,
        "recall": 0.75,
        "f1": 0.8571428571428571
      },
      "CHECK_TABLE": {
        "precision": 0.4,
        "recall": 0.16666666666666666,
        "f1": 0.23529411764705882
      },
      "EXPLORE": {
        "precision": 0.45454545454545453,
        "recall": 0.8333333333333334,
        "f1": 0.5882352941176471
      }
    },
    "confusion_matrix": [
      [
        2,
        0,
        0,
        1
      ],
      [
        0,
        9,
        1,
        2
      ],
      [
        1,
        0,
        2,
        9
      ],
      [
        0,
        0,
        2,
        10
      ]
    ]
  }
}