{
  "model_algorithm": "gru",
  "sequence_length": 10,
  "feature_size": 43,
  "feature_columns": [
    "f0",
    "f1",
    "f2",
    "f3",
    "f4",
    "f5",
    "f6",
    "f7",
    "f8",
    "f9",
    "f10",
    "f11",
    "f12",
    "f13",
    "f14",
    "f15",
    "f16",
    "f17",
    "f18",
    "f19",
    "f20",
    "f21",
    "f22",
    "f23",
    "f24",
    "f25",
    "f26",
    "f27",
    "f28",
    "f29",
    "f30",
    "f31",
    "f32",
    "f33",
    "f34",
    "f35",
    "f36",
    "f37",
    "f38",
    "f39",
    "f40",
    "f41",
    "f42"
  ],
  "threshold_local_rows": 50000,
  "dataset_rows": {
    "train": 671,
    "val": 135,
    "test": 143,
    "total": 949
  },
  "accuracy": {
    "best_val": 0.6962962962962963,
    "test": 0.8111888111888111
  },
  "macro_f1": 0.8151485606025599,
  "per_class": {
    "AVOID_PERSON": {
      "precision": 0.9393939393939394,
      "recall": 0.8857142857142857,
      "f1": 0.9117647058823529
    },
    "MOVE_TO_CHAIR": {
      "precision": 0.675,
      "recall": 0.7714285714285715,
      "f1": 0.72
    },
    "CHECK_TABLE": {
      "precision": 0.7435897435897436,
      "recall": 0.7837837837837838,
      "f1": 0.7631578947368421
    },
    "EXPLORE": {
      "precision": 0.9354838709677419,
      "recall": 0.8055555555555556,
      "f1": 0.8656716417910448
    }
  },
  "confusion_matrix": [
    [
      31,
      2,
      2,
      0
    ],
    [
      1,
      27,
      6,
      1
    ],
    [
      1,
      6,
      29,
      1
    ],
    [
      0,
      5,
      2,
      29
    ]
  ],
  "fresh_real_eval": {
    "path": "data/processed/fresh_real_eval.csv",
    "rows": 39,
    "accuracy": 0.717948717948718,
    "macro_f1": 0.685973446843012,
    "per_class": {
      "AVOID_PERSON": {
        "precision": 0.375,
        "recall": 1.0,
        "f1": 0.5454545454545454
      },
      "MOVE_TO_CHAIR": {
        "precision": 0.6363636363636364,
        "recall": 0.5833333333333334,
        "f1": 0.6086956521739131
      },
      "CHECK_TABLE": {
        "precision": 1.0,
        "recall": 0.5,
        "f1": 0.6666666666666666
      },
      "EXPLORE": {
        "precision": 0.8571428571428571,
        "recall": 1.0,
        "f1": 0.923076923076923
      }
    },
    "confusion_matrix": [
      [
        3,
        0,
        0,
        0
      ],
      [
        3,
        7,
        0,
        2
      ],
      [
        2,
        4,
        6,
        0
      ],
      [
        0,
        0,
        0,
        12
      ]
    ]
  }
}