{
  "model_algorithm": "mlp",
  "threshold_local_rows": 50000,
  "dataset_rows": {
    "train": 68,
    "val": 12,
    "test": 20,
    "total": 100
  },
  "accuracy": {
    "best_val": 0.9166666666666666,
    "test": 0.65
  },
  "macro_f1": 0.6369949494949495,
  "per_class": {
    "AVOID_PERSON": {
      "precision": 1.0,
      "recall": 0.8,
      "f1": 0.888888888888889
    },
    "MOVE_TO_CHAIR": {
      "precision": 0.8333333333333334,
      "recall": 1.0,
      "f1": 0.9090909090909091
    },
    "CHECK_TABLE": {
      "precision": 0.3333333333333333,
      "recall": 0.2,
      "f1": 0.25
    },
    "EXPLORE": {
      "precision": 0.42857142857142855,
      "recall": 0.6,
      "f1": 0.5
    }
  },
  "confusion_matrix": [
    [
      4,
      1,
      0,
      0
    ],
    [
      0,
      5,
      0,
      0
    ],
    [
      0,
      0,
      1,
      4
    ],
    [
      0,
      0,
      2,
      3
    ]
  ],
  "fresh_real_eval": {
    "path": "data/processed/fresh_real_eval.csv",
    "rows": 84,
    "accuracy": 0.7738095238095238,
    "macro_f1": 0.7378790263387703,
    "per_class": {
      "AVOID_PERSON": {
        "precision": 1.0,
        "recall": 0.84,
        "f1": 0.9130434782608696
      },
      "MOVE_TO_CHAIR": {
        "precision": 0.8928571428571429,
        "recall": 1.0,
        "f1": 0.9433962264150945
      },
      "CHECK_TABLE": {
        "precision": 0.5714285714285714,
        "recall": 0.47058823529411764,
        "f1": 0.5161290322580646
      },
      "EXPLORE": {
        "precision": 0.5238095238095238,
        "recall": 0.6470588235294118,
        "f1": 0.5789473684210527
      }
    },
    "confusion_matrix": [
      [
        21,
        3,
        0,
        1
      ],
      [
        0,
        25,
        0,
        0
      ],
      [
        0,
        0,
        8,
        9
      ],
      [
        0,
        0,
        6,
        11
      ]
    ]
  }
}