{
  "model_algorithm": "mlp",
  "threshold_local_rows": 50000,
  "dataset_rows": {
    "train": 522,
    "val": 111,
    "test": 116,
    "total": 749
  },
  "accuracy": {
    "best_val": 0.8108108108108109,
    "test": 0.7155172413793104
  },
  "macro_f1": 0.7147326394406484,
  "per_class": {
    "AVOID_PERSON": {
      "precision": 0.71875,
      "recall": 0.7666666666666667,
      "f1": 0.7419354838709677
    },
    "MOVE_TO_CHAIR": {
      "precision": 0.7037037037037037,
      "recall": 0.6551724137931034,
      "f1": 0.6785714285714286
    },
    "CHECK_TABLE": {
      "precision": 0.6896551724137931,
      "recall": 0.7407407407407407,
      "f1": 0.7142857142857143
    },
    "EXPLORE": {
      "precision": 0.75,
      "recall": 0.7,
      "f1": 0.7241379310344827
    }
  },
  "confusion_matrix": [
    [
      23,
      2,
      4,
      1
    ],
    [
      6,
      19,
      1,
      3
    ],
    [
      1,
      3,
      20,
      3
    ],
    [
      2,
      3,
      4,
      21
    ]
  ],
  "fresh_real_eval": {
    "path": "data/processed/fresh_real_eval.csv",
    "rows": 12,
    "accuracy": 0.9166666666666666,
    "macro_f1": 0.2391304347826087,
    "per_class": {
      "AVOID_PERSON": {
        "precision": 1.0,
        "recall": 0.9166666666666666,
        "f1": 0.9565217391304348
      },
      "MOVE_TO_CHAIR": {
        "precision": 0.0,
        "recall": 0.0,
        "f1": 0.0
      },
      "CHECK_TABLE": {
        "precision": 0.0,
        "recall": 0.0,
        "f1": 0.0
      },
      "EXPLORE": {
        "precision": 0.0,
        "recall": 0.0,
        "f1": 0.0
      }
    },
    "confusion_matrix": [
      [
        11,
        0,
        0,
        1
      ],
      [
        0,
        0,
        0,
        0
      ],
      [
        0,
        0,
        0,
        0
      ],
      [
        0,
        0,
        0,
        0
      ]
    ]
  }
}