{
  "threshold_local_rows": 50000,
  "dataset_rows": {
    "train": 8924,
    "val": 1912,
    "test": 1916,
    "total": 12752
  },
  "accuracy": {
    "best_val": 0.9827405857740585,
    "test": 0.9817327766179541
  },
  "macro_f1": 0.9817364831065165,
  "per_class": {
    "AVOID_PERSON": {
      "precision": 0.9853862212943633,
      "recall": 0.9853862212943633,
      "f1": 0.9853862212943633
    },
    "MOVE_TO_CHAIR": {
      "precision": 0.9733606557377049,
      "recall": 0.9916492693110647,
      "f1": 0.9824198552223371
    },
    "CHECK_TABLE": {
      "precision": 0.9748953974895398,
      "recall": 0.9728601252609603,
      "f1": 0.9738766980146291
    },
    "EXPLORE": {
      "precision": 0.9936305732484076,
      "recall": 0.9770354906054279,
      "f1": 0.9852631578947368
    }
  },
  "confusion_matrix": [
    [
      472,
      2,
      5,
      0
    ],
    [
      1,
      475,
      0,
      3
    ],
    [
      6,
      7,
      466,
      0
    ],
    [
      0,
      4,
      7,
      468
    ]
  ]
}