{
  "model_algorithm": "mlp",
  "threshold_local_rows": 50000,
  "dataset_rows": {
    "train": 544,
    "val": 115,
    "test": 120,
    "total": 779
  },
  "accuracy": {
    "best_val": 0.7739130434782608,
    "test": 0.7583333333333333
  },
  "macro_f1": 0.7590377791889411,
  "per_class": {
    "AVOID_PERSON": {
      "precision": 0.8076923076923077,
      "recall": 0.6774193548387096,
      "f1": 0.7368421052631579
    },
    "MOVE_TO_CHAIR": {
      "precision": 0.6486486486486487,
      "recall": 0.7741935483870968,
      "f1": 0.7058823529411764
    },
    "CHECK_TABLE": {
      "precision": 0.7692307692307693,
      "recall": 0.7407407407407407,
      "f1": 0.7547169811320754
    },
    "EXPLORE": {
      "precision": 0.8387096774193549,
      "recall": 0.8387096774193549,
      "f1": 0.8387096774193549
    }
  },
  "confusion_matrix": [
    [
      21,
      7,
      1,
      2
    ],
    [
      2,
      24,
      4,
      1
    ],
    [
      2,
      3,
      20,
      2
    ],
    [
      1,
      3,
      1,
      26
    ]
  ]
}