{
  "model_algorithm": "mlp",
  "sequence_length": 10,
  "feature_size": 43,
  "feature_columns": [
    "f0",
    "f1",
    "f2",
    "f3",
    "f4",
    "f5",
    "f6",
    "f7",
    "f8",
    "f9",
    "f10",
    "f11",
    "f12",
    "f13",
    "f14",
    "f15",
    "f16",
    "f17",
    "f18",
    "f19",
    "f20",
    "f21",
    "f22",
    "f23",
    "f24",
    "f25",
    "f26",
    "f27",
    "f28",
    "f29",
    "f30",
    "f31",
    "f32",
    "f33",
    "f34",
    "f35",
    "f36",
    "f37",
    "f38",
    "f39",
    "f40",
    "f41",
    "f42"
  ],
  "seed": 42,
  "threshold_local_rows": 50000,
  "dataset_rows": {
    "train": 1363,
    "val": 283,
    "test": 287,
    "total": 1933
  },
  "accuracy": {
    "best_val": 0.7173144876325088,
    "test": 0.662020905923345
  },
  "macro_f1": 0.6635036969468726,
  "per_class": {
    "AVOID_PERSON": {
      "precision": 0.7397260273972602,
      "recall": 0.75,
      "f1": 0.7448275862068966
    },
    "MOVE_TO_CHAIR": {
      "precision": 0.5857142857142857,
      "recall": 0.5857142857142857,
      "f1": 0.5857142857142857
    },
    "CHECK_TABLE": {
      "precision": 0.55,
      "recall": 0.6111111111111112,
      "f1": 0.5789473684210527
    },
    "EXPLORE": {
      "precision": 0.796875,
      "recall": 0.6986301369863014,
      "f1": 0.7445255474452555
    }
  },
  "confusion_matrix": [
    [
      54,
      5,
      10,
      3
    ],
    [
      6,
      41,
      18,
      5
    ],
    [
      10,
      13,
      44,
      5
    ],
    [
      3,
      11,
      8,
      51
    ]
  ],
  "fresh_real_eval": {
    "path": "data/processed/fresh_real_eval.csv",
    "rows": 23,
    "accuracy": 0.5217391304347826,
    "macro_f1": 0.3926282051282051,
    "per_class": {
      "AVOID_PERSON": {
        "precision": 0.0,
        "recall": 0.0,
        "f1": 0.0
      },
      "MOVE_TO_CHAIR": {
        "precision": 0.625,
        "recall": 0.7142857142857143,
        "f1": 0.6666666666666666
      },
      "CHECK_TABLE": {
        "precision": 0.2,
        "recall": 0.125,
        "f1": 0.15384615384615385
      },
      "EXPLORE": {
        "precision": 0.75,
        "recall": 0.75,
        "f1": 0.75
      }
    },
    "confusion_matrix": [
      [
        0,
        0,
        0,
        0
      ],
      [
        0,
        5,
        2,
        0
      ],
      [
        2,
        3,
        1,
        2
      ],
      [
        0,
        0,
        2,
        6
      ]
    ]
  }
}