{
  "model_algorithm": "mlp",
  "sequence_length": 10,
  "feature_size": 43,
  "feature_columns": [
    "f0",
    "f1",
    "f2",
    "f3",
    "f4",
    "f5",
    "f6",
    "f7",
    "f8",
    "f9",
    "f10",
    "f11",
    "f12",
    "f13",
    "f14",
    "f15",
    "f16",
    "f17",
    "f18",
    "f19",
    "f20",
    "f21",
    "f22",
    "f23",
    "f24",
    "f25",
    "f26",
    "f27",
    "f28",
    "f29",
    "f30",
    "f31",
    "f32",
    "f33",
    "f34",
    "f35",
    "f36",
    "f37",
    "f38",
    "f39",
    "f40",
    "f41",
    "f42"
  ],
  "seed": 42,
  "threshold_local_rows": 50000,
  "dataset_rows": {
    "train": 1255,
    "val": 259,
    "test": 267,
    "total": 1781
  },
  "accuracy": {
    "best_val": 0.6911196911196911,
    "test": 0.7078651685393258
  },
  "macro_f1": 0.7097830163094225,
  "per_class": {
    "AVOID_PERSON": {
      "precision": 0.72,
      "recall": 0.7941176470588235,
      "f1": 0.7552447552447551
    },
    "MOVE_TO_CHAIR": {
      "precision": 0.6338028169014085,
      "recall": 0.6818181818181818,
      "f1": 0.6569343065693432
    },
    "CHECK_TABLE": {
      "precision": 0.6323529411764706,
      "recall": 0.6417910447761194,
      "f1": 0.6370370370370371
    },
    "EXPLORE": {
      "precision": 0.8867924528301887,
      "recall": 0.7121212121212122,
      "f1": 0.7899159663865547
    }
  },
  "confusion_matrix": [
    [
      54,
      4,
      10,
      0
    ],
    [
      8,
      45,
      11,
      2
    ],
    [
      10,
      10,
      43,
      4
    ],
    [
      3,
      12,
      4,
      47
    ]
  ],
  "fresh_real_eval": {
    "path": "data/processed/fresh_real_eval.csv",
    "rows": 23,
    "accuracy": 0.6956521739130435,
    "macro_f1": 0.5399797570850202,
    "per_class": {
      "AVOID_PERSON": {
        "precision": 0.0,
        "recall": 0.0,
        "f1": 0.0
      },
      "MOVE_TO_CHAIR": {
        "precision": 1.0,
        "recall": 0.8571428571428571,
        "f1": 0.923076923076923
      },
      "CHECK_TABLE": {
        "precision": 0.75,
        "recall": 0.375,
        "f1": 0.5
      },
      "EXPLORE": {
        "precision": 0.6363636363636364,
        "recall": 0.875,
        "f1": 0.7368421052631579
      }
    },
    "confusion_matrix": [
      [
        0,
        0,
        0,
        0
      ],
      [
        0,
        6,
        0,
        1
      ],
      [
        2,
        0,
        3,
        3
      ],
      [
        0,
        0,
        1,
        7
      ]
    ]
  }
}