{
  "model_algorithm": "mlp",
  "sequence_length": 10,
  "feature_size": 43,
  "feature_columns": [
    "f0",
    "f1",
    "f2",
    "f3",
    "f4",
    "f5",
    "f6",
    "f7",
    "f8",
    "f9",
    "f10",
    "f11",
    "f12",
    "f13",
    "f14",
    "f15",
    "f16",
    "f17",
    "f18",
    "f19",
    "f20",
    "f21",
    "f22",
    "f23",
    "f24",
    "f25",
    "f26",
    "f27",
    "f28",
    "f29",
    "f30",
    "f31",
    "f32",
    "f33",
    "f34",
    "f35",
    "f36",
    "f37",
    "f38",
    "f39",
    "f40",
    "f41",
    "f42"
  ],
  "seed": 42,
  "threshold_local_rows": 50000,
  "dataset_rows": {
    "train": 1251,
    "val": 259,
    "test": 267,
    "total": 1777
  },
  "accuracy": {
    "best_val": 0.6833976833976834,
    "test": 0.6404494382022472
  },
  "macro_f1": 0.6446991574856293,
  "per_class": {
    "AVOID_PERSON": {
      "precision": 0.7058823529411765,
      "recall": 0.7058823529411765,
      "f1": 0.7058823529411765
    },
    "MOVE_TO_CHAIR": {
      "precision": 0.55,
      "recall": 0.6666666666666666,
      "f1": 0.6027397260273972
    },
    "CHECK_TABLE": {
      "precision": 0.5074626865671642,
      "recall": 0.5074626865671642,
      "f1": 0.5074626865671642
    },
    "EXPLORE": {
      "precision": 0.8653846153846154,
      "recall": 0.6818181818181818,
      "f1": 0.7627118644067796
    }
  },
  "confusion_matrix": [
    [
      48,
      10,
      10,
      0
    ],
    [
      3,
      44,
      18,
      1
    ],
    [
      13,
      14,
      34,
      6
    ],
    [
      4,
      12,
      5,
      45
    ]
  ],
  "fresh_real_eval": {
    "path": "data/processed/fresh_real_eval.csv",
    "rows": 23,
    "accuracy": 0.6521739130434783,
    "macro_f1": 0.5054390054390054,
    "per_class": {
      "AVOID_PERSON": {
        "precision": 0.0,
        "recall": 0.0,
        "f1": 0.0
      },
      "MOVE_TO_CHAIR": {
        "precision": 0.8333333333333334,
        "recall": 0.7142857142857143,
        "f1": 0.7692307692307692
      },
      "CHECK_TABLE": {
        "precision": 0.6666666666666666,
        "recall": 0.25,
        "f1": 0.36363636363636365
      },
      "EXPLORE": {
        "precision": 0.8,
        "recall": 1.0,
        "f1": 0.888888888888889
      }
    },
    "confusion_matrix": [
      [
        0,
        0,
        0,
        0
      ],
      [
        0,
        5,
        1,
        1
      ],
      [
        4,
        1,
        2,
        1
      ],
      [
        0,
        0,
        0,
        8
      ]
    ]
  }
}