{
  "model_algorithm": "mlp",
  "threshold_local_rows": 50000,
  "dataset_rows": {
    "train": 452,
    "val": 96,
    "test": 100,
    "total": 648
  },
  "accuracy": {
    "best_val": 0.8333333333333334,
    "test": 0.81
  },
  "macro_f1": 0.8105114551180854,
  "per_class": {
    "AVOID_PERSON": {
      "precision": 0.75,
      "recall": 0.8076923076923077,
      "f1": 0.7777777777777779
    },
    "MOVE_TO_CHAIR": {
      "precision": 0.8,
      "recall": 0.9230769230769231,
      "f1": 0.8571428571428571
    },
    "CHECK_TABLE": {
      "precision": 0.7391304347826086,
      "recall": 0.7083333333333334,
      "f1": 0.723404255319149
    },
    "EXPLORE": {
      "precision": 1.0,
      "recall": 0.7916666666666666,
      "f1": 0.8837209302325582
    }
  },
  "confusion_matrix": [
    [
      21,
      2,
      3,
      0
    ],
    [
      1,
      24,
      1,
      0
    ],
    [
      5,
      2,
      17,
      0
    ],
    [
      1,
      2,
      2,
      19
    ]
  ],
  "fresh_real_eval": {
    "path": "data/processed/fresh_real_eval.csv",
    "rows": 68,
    "accuracy": 0.16176470588235295,
    "macro_f1": 0.12749445676274943,
    "per_class": {
      "AVOID_PERSON": {
        "precision": 0.75,
        "recall": 0.08108108108108109,
        "f1": 0.14634146341463414
      },
      "MOVE_TO_CHAIR": {
        "precision": 0.34782608695652173,
        "recall": 0.38095238095238093,
        "f1": 0.3636363636363636
      },
      "CHECK_TABLE": {
        "precision": 0.0,
        "recall": 0.0,
        "f1": 0.0
      },
      "EXPLORE": {
        "precision": 0.0,
        "recall": 0.0,
        "f1": 0.0
      }
    },
    "confusion_matrix": [
      [
        3,
        13,
        12,
        9
      ],
      [
        1,
        8,
        0,
        12
      ],
      [
        0,
        2,
        0,
        8
      ],
      [
        0,
        0,
        0,
        0
      ]
    ]
  }
}