{
  "model_algorithm": "gru",
  "sequence_length": 10,
  "feature_size": 43,
  "feature_columns": [
    "f0",
    "f1",
    "f2",
    "f3",
    "f4",
    "f5",
    "f6",
    "f7",
    "f8",
    "f9",
    "f10",
    "f11",
    "f12",
    "f13",
    "f14",
    "f15",
    "f16",
    "f17",
    "f18",
    "f19",
    "f20",
    "f21",
    "f22",
    "f23",
    "f24",
    "f25",
    "f26",
    "f27",
    "f28",
    "f29",
    "f30",
    "f31",
    "f32",
    "f33",
    "f34",
    "f35",
    "f36",
    "f37",
    "f38",
    "f39",
    "f40",
    "f41",
    "f42"
  ],
  "threshold_local_rows": 50000,
  "dataset_rows": {
    "train": 671,
    "val": 135,
    "test": 143,
    "total": 949
  },
  "accuracy": {
    "best_val": 0.7037037037037037,
    "test": 0.8181818181818182
  },
  "macro_f1": 0.8179138297594323,
  "per_class": {
    "AVOID_PERSON": {
      "precision": 0.868421052631579,
      "recall": 0.9428571428571428,
      "f1": 0.904109589041096
    },
    "MOVE_TO_CHAIR": {
      "precision": 0.75,
      "recall": 0.6857142857142857,
      "f1": 0.7164179104477612
    },
    "CHECK_TABLE": {
      "precision": 0.717948717948718,
      "recall": 0.7567567567567568,
      "f1": 0.736842105263158
    },
    "EXPLORE": {
      "precision": 0.9411764705882353,
      "recall": 0.8888888888888888,
      "f1": 0.9142857142857143
    }
  },
  "confusion_matrix": [
    [
      33,
      1,
      1,
      0
    ],
    [
      3,
      24,
      8,
      0
    ],
    [
      2,
      5,
      28,
      2
    ],
    [
      0,
      2,
      2,
      32
    ]
  ],
  "fresh_real_eval": {
    "path": "data/processed/fresh_real_eval.csv",
    "rows": 39,
    "accuracy": 0.717948717948718,
    "macro_f1": 0.671041181041181,
    "per_class": {
      "AVOID_PERSON": {
        "precision": 0.3,
        "recall": 1.0,
        "f1": 0.4615384615384615
      },
      "MOVE_TO_CHAIR": {
        "precision": 0.6666666666666666,
        "recall": 0.3333333333333333,
        "f1": 0.4444444444444444
      },
      "CHECK_TABLE": {
        "precision": 0.9,
        "recall": 0.75,
        "f1": 0.8181818181818182
      },
      "EXPLORE": {
        "precision": 0.9230769230769231,
        "recall": 1.0,
        "f1": 0.9600000000000001
      }
    },
    "confusion_matrix": [
      [
        3,
        0,
        0,
        0
      ],
      [
        6,
        4,
        1,
        1
      ],
      [
        1,
        2,
        9,
        0
      ],
      [
        0,
        0,
        0,
        12
      ]
    ]
  }
}