{
  "accuracy": {
    "test": 0.8888888888888888
  },
  "per_class": {
    "CHECK_TABLE": {"f1": 0.8484848484848485},
    "MOVE_TO_CHAIR": {"f1": 0.918918918918919}
  },
  "fresh_real_eval": {
    "accuracy": 0.375,
    "macro_f1": 0.3102877514642221
  }
}
