{
  "model_algorithm": "mlp",
  "threshold_local_rows": 50000,
  "dataset_rows": {
    "train": 473,
    "val": 100,
    "test": 106,
    "total": 679
  },
  "accuracy": {
    "best_val": 0.78,
    "test": 0.8113207547169812
  },
  "macro_f1": 0.810515873015873,
  "per_class": {
    "AVOID_PERSON": {
      "precision": 0.8214285714285714,
      "recall": 0.8846153846153846,
      "f1": 0.8518518518518519
    },
    "MOVE_TO_CHAIR": {
      "precision": 0.6896551724137931,
      "recall": 0.7407407407407407,
      "f1": 0.7142857142857143
    },
    "CHECK_TABLE": {
      "precision": 0.8181818181818182,
      "recall": 0.6923076923076923,
      "f1": 0.7500000000000001
    },
    "EXPLORE": {
      "precision": 0.9259259259259259,
      "recall": 0.9259259259259259,
      "f1": 0.9259259259259259
    }
  },
  "confusion_matrix": [
    [
      23,
      3,
      0,
      0
    ],
    [
      2,
      20,
      3,
      2
    ],
    [
      3,
      5,
      18,
      0
    ],
    [
      0,
      1,
      1,
      25
    ]
  ],
  "fresh_real_eval": {
    "path": "data/processed/fresh_real_eval.csv",
    "rows": 37,
    "accuracy": 0.9459459459459459,
    "macro_f1": 0.9511904761904761,
    "per_class": {
      "AVOID_PERSON": {
        "precision": 1.0,
        "recall": 0.9090909090909091,
        "f1": 0.9523809523809523
      },
      "MOVE_TO_CHAIR": {
        "precision": 0.8181818181818182,
        "recall": 1.0,
        "f1": 0.9
      },
      "CHECK_TABLE": {
        "precision": 1.0,
        "recall": 0.9090909090909091,
        "f1": 0.9523809523809523
      },
      "EXPLORE": {
        "precision": 1.0,
        "recall": 1.0,
        "f1": 1.0
      }
    },
    "confusion_matrix": [
      [
        10,
        1,
        0,
        0
      ],
      [
        0,
        9,
        0,
        0
      ],
      [
        0,
        1,
        10,
        0
      ],
      [
        0,
        0,
        0,
        6
      ]
    ]
  }
}