{
  "model_algorithm": "mlp",
  "threshold_local_rows": 50000,
  "dataset_rows": {
    "train": 522,
    "val": 111,
    "test": 116,
    "total": 749
  },
  "accuracy": {
    "best_val": 0.8108108108108109,
    "test": 0.7413793103448276
  },
  "macro_f1": 0.7410305424578396,
  "per_class": {
    "AVOID_PERSON": {
      "precision": 0.7931034482758621,
      "recall": 0.7666666666666667,
      "f1": 0.7796610169491527
    },
    "MOVE_TO_CHAIR": {
      "precision": 0.7096774193548387,
      "recall": 0.7586206896551724,
      "f1": 0.7333333333333333
    },
    "CHECK_TABLE": {
      "precision": 0.7,
      "recall": 0.7777777777777778,
      "f1": 0.7368421052631577
    },
    "EXPLORE": {
      "precision": 0.7692307692307693,
      "recall": 0.6666666666666666,
      "f1": 0.7142857142857142
    }
  },
  "confusion_matrix": [
    [
      23,
      2,
      4,
      1
    ],
    [
      4,
      22,
      1,
      2
    ],
    [
      1,
      2,
      21,
      3
    ],
    [
      1,
      5,
      4,
      20
    ]
  ],
  "fresh_real_eval": {
    "path": "data/processed/fresh_real_eval.csv",
    "rows": 12,
    "accuracy": 1.0,
    "macro_f1": 0.25,
    "per_class": {
      "AVOID_PERSON": {
        "precision": 1.0,
        "recall": 1.0,
        "f1": 1.0
      },
      "MOVE_TO_CHAIR": {
        "precision": 0.0,
        "recall": 0.0,
        "f1": 0.0
      },
      "CHECK_TABLE": {
        "precision": 0.0,
        "recall": 0.0,
        "f1": 0.0
      },
      "EXPLORE": {
        "precision": 0.0,
        "recall": 0.0,
        "f1": 0.0
      }
    },
    "confusion_matrix": [
      [
        12,
        0,
        0,
        0
      ],
      [
        0,
        0,
        0,
        0
      ],
      [
        0,
        0,
        0,
        0
      ],
      [
        0,
        0,
        0,
        0
      ]
    ]
  }
}