{
  "model_algorithm": "mlp",
  "threshold_local_rows": 50000,
  "dataset_rows": {
    "train": 448,
    "val": 96,
    "test": 96,
    "total": 640
  },
  "accuracy": {
    "best_val": 0.8645833333333334,
    "test": 0.7708333333333334
  },
  "macro_f1": 0.7694589502531116,
  "per_class": {
    "AVOID_PERSON": {
      "precision": 0.75,
      "recall": 0.875,
      "f1": 0.8076923076923077
    },
    "MOVE_TO_CHAIR": {
      "precision": 0.8421052631578947,
      "recall": 0.6666666666666666,
      "f1": 0.744186046511628
    },
    "CHECK_TABLE": {
      "precision": 0.7307692307692307,
      "recall": 0.7916666666666666,
      "f1": 0.76
    },
    "EXPLORE": {
      "precision": 0.782608695652174,
      "recall": 0.75,
      "f1": 0.7659574468085107
    }
  },
  "confusion_matrix": [
    [
      21,
      1,
      1,
      1
    ],
    [
      1,
      16,
      4,
      3
    ],
    [
      4,
      0,
      19,
      1
    ],
    [
      2,
      2,
      2,
      18
    ]
  ],
  "fresh_real_eval": {
    "path": "data/processed/fresh_real_eval.csv",
    "rows": 59,
    "accuracy": 0.05084745762711865,
    "macro_f1": 0.053157894736842105,
    "per_class": {
      "AVOID_PERSON": {
        "precision": 0.05555555555555555,
        "recall": 0.05,
        "f1": 0.052631578947368425
      },
      "MOVE_TO_CHAIR": {
        "precision": 0.3333333333333333,
        "recall": 0.10526315789473684,
        "f1": 0.16
      },
      "CHECK_TABLE": {
        "precision": 0.0,
        "recall": 0.0,
        "f1": 0.0
      },
      "EXPLORE": {
        "precision": 0.0,
        "recall": 0.0,
        "f1": 0.0
      }
    },
    "confusion_matrix": [
      [
        1,
        4,
        0,
        15
      ],
      [
        0,
        2,
        0,
        17
      ],
      [
        17,
        0,
        0,
        3
      ],
      [
        0,
        0,
        0,
        0
      ]
    ]
  }
}