{
  "model_algorithm": "mlp",
  "sequence_length": 10,
  "feature_size": 43,
  "feature_columns": [
    "f0",
    "f1",
    "f2",
    "f3",
    "f4",
    "f5",
    "f6",
    "f7",
    "f8",
    "f9",
    "f10",
    "f11",
    "f12",
    "f13",
    "f14",
    "f15",
    "f16",
    "f17",
    "f18",
    "f19",
    "f20",
    "f21",
    "f22",
    "f23",
    "f24",
    "f25",
    "f26",
    "f27",
    "f28",
    "f29",
    "f30",
    "f31",
    "f32",
    "f33",
    "f34",
    "f35",
    "f36",
    "f37",
    "f38",
    "f39",
    "f40",
    "f41",
    "f42"
  ],
  "seed": 42,
  "threshold_local_rows": 50000,
  "dataset_rows": {
    "train": 1247,
    "val": 259,
    "test": 263,
    "total": 1769
  },
  "accuracy": {
    "best_val": 0.722007722007722,
    "test": 0.5855513307984791
  },
  "macro_f1": 0.5904636214012079,
  "per_class": {
    "AVOID_PERSON": {
      "precision": 0.6119402985074627,
      "recall": 0.6212121212121212,
      "f1": 0.6165413533834586
    },
    "MOVE_TO_CHAIR": {
      "precision": 0.5714285714285714,
      "recall": 0.5373134328358209,
      "f1": 0.5538461538461538
    },
    "CHECK_TABLE": {
      "precision": 0.45,
      "recall": 0.5538461538461539,
      "f1": 0.4965517241379311
    },
    "EXPLORE": {
      "precision": 0.7735849056603774,
      "recall": 0.6307692307692307,
      "f1": 0.6949152542372882
    }
  },
  "confusion_matrix": [
    [
      41,
      5,
      18,
      2
    ],
    [
      5,
      36,
      20,
      6
    ],
    [
      13,
      12,
      36,
      4
    ],
    [
      8,
      10,
      6,
      41
    ]
  ],
  "fresh_real_eval": {
    "path": "data/processed/fresh_real_eval.csv",
    "rows": 23,
    "accuracy": 0.6956521739130435,
    "macro_f1": 0.5686274509803921,
    "per_class": {
      "AVOID_PERSON": {
        "precision": 0.0,
        "recall": 0.0,
        "f1": 0.0
      },
      "MOVE_TO_CHAIR": {
        "precision": 1.0,
        "recall": 0.7142857142857143,
        "f1": 0.8333333333333333
      },
      "CHECK_TABLE": {
        "precision": 0.75,
        "recall": 0.375,
        "f1": 0.5
      },
      "EXPLORE": {
        "precision": 0.8888888888888888,
        "recall": 1.0,
        "f1": 0.9411764705882353
      }
    },
    "confusion_matrix": [
      [
        0,
        0,
        0,
        0
      ],
      [
        1,
        5,
        1,
        0
      ],
      [
        4,
        0,
        3,
        1
      ],
      [
        0,
        0,
        0,
        8
      ]
    ]
  }
}