{
  "model_algorithm": "mlp",
  "threshold_local_rows": 50000,
  "dataset_rows": {
    "train": 531,
    "val": 112,
    "test": 119,
    "total": 762
  },
  "accuracy": {
    "best_val": 0.7053571428571429,
    "test": 0.7647058823529411
  },
  "macro_f1": 0.7625540382899884,
  "per_class": {
    "AVOID_PERSON": {
      "precision": 0.7714285714285715,
      "recall": 0.9,
      "f1": 0.8307692307692307
    },
    "MOVE_TO_CHAIR": {
      "precision": 0.7857142857142857,
      "recall": 0.7096774193548387,
      "f1": 0.7457627118644068
    },
    "CHECK_TABLE": {
      "precision": 0.6666666666666666,
      "recall": 0.7407407407407407,
      "f1": 0.7017543859649122
    },
    "EXPLORE": {
      "precision": 0.8461538461538461,
      "recall": 0.7096774193548387,
      "f1": 0.7719298245614036
    }
  },
  "confusion_matrix": [
    [
      27,
      1,
      1,
      1
    ],
    [
      1,
      22,
      5,
      3
    ],
    [
      4,
      3,
      20,
      0
    ],
    [
      3,
      2,
      4,
      22
    ]
  ],
  "fresh_real_eval": {
    "path": "data/processed/fresh_real_eval.csv",
    "rows": 12,
    "accuracy": 1.0,
    "macro_f1": 0.25,
    "per_class": {
      "AVOID_PERSON": {
        "precision": 1.0,
        "recall": 1.0,
        "f1": 1.0
      },
      "MOVE_TO_CHAIR": {
        "precision": 0.0,
        "recall": 0.0,
        "f1": 0.0
      },
      "CHECK_TABLE": {
        "precision": 0.0,
        "recall": 0.0,
        "f1": 0.0
      },
      "EXPLORE": {
        "precision": 0.0,
        "recall": 0.0,
        "f1": 0.0
      }
    },
    "confusion_matrix": [
      [
        12,
        0,
        0,
        0
      ],
      [
        0,
        0,
        0,
        0
      ],
      [
        0,
        0,
        0,
        0
      ],
      [
        0,
        0,
        0,
        0
      ]
    ]
  }
}