{
  "status": "promoted",
  "promotable": true,
  "baseline_path": "reports/metrics_promoted_baseline.json",
  "current_metrics_path": "reports/metrics.json",
  "gate_results": {
    "test_accuracy_non_regression": {
      "passed": true,
      "old": 0.6320346320346321,
      "new": 0.7078651685393258,
      "tolerance": 0.005
    },
    "key_class_f1_non_regression": {
      "passed": true,
      "classes": {
        "CHECK_TABLE": {
          "passed": true,
          "old_f1": 0.5714285714285714,
          "new_f1": 0.6370370370370371
        },
        "MOVE_TO_CHAIR": {
          "passed": true,
          "old_f1": 0.49557522123893805,
          "new_f1": 0.6569343065693432
        }
      }
    },
    "fresh_real_improvement": {
      "passed": true,
      "old": {
        "accuracy": 0.5217391304347826,
        "macro_f1": 0.3894230769230769
      },
      "new": {
        "accuracy": 0.6956521739130435,
        "macro_f1": 0.5399797570850202
      },
      "delta": {
        "accuracy": 0.17391304347826086,
        "macro_f1": 0.1505566801619433
      },
      "required_delta": {
        "accuracy": 0.1,
        "macro_f1": 0.1
      }
    },
    "fresh_real_per_class_non_regression": {
      "passed": true,
      "classes": {
        "AVOID_PERSON": {
          "passed": true,
          "old_f1": 0.0,
          "new_f1": 0.0,
          "delta_f1": 0.0
        },
        "MOVE_TO_CHAIR": {
          "passed": true,
          "old_f1": 0.75,
          "new_f1": 0.923076923076923,
          "delta_f1": 0.17307692307692302
        },
        "CHECK_TABLE": {
          "passed": true,
          "old_f1": 0.3076923076923077,
          "new_f1": 0.5,
          "delta_f1": 0.1923076923076923
        },
        "EXPLORE": {
          "passed": true,
          "old_f1": 0.5,
          "new_f1": 0.7368421052631579,
          "delta_f1": 0.23684210526315785
        }
      }
    }
  },
  "failure_reasons": [],
  "recommended_actions": []
}