{
  "status": "not_promoted",
  "promotable": false,
  "baseline_path": "reports/metrics_promoted_baseline.json",
  "current_metrics_path": "reports/metrics.json",
  "gate_results": {
    "test_accuracy_non_regression": {
      "passed": false,
      "old": 0.7078651685393258,
      "new": 0.662020905923345,
      "tolerance": 0.005
    },
    "key_class_f1_non_regression": {
      "passed": false,
      "classes": {
        "CHECK_TABLE": {
          "passed": false,
          "old_f1": 0.6370370370370371,
          "new_f1": 0.5789473684210527
        },
        "MOVE_TO_CHAIR": {
          "passed": false,
          "old_f1": 0.6569343065693432,
          "new_f1": 0.5857142857142857
        }
      }
    },
    "fresh_real_improvement": {
      "passed": false,
      "old": {
        "accuracy": 0.6956521739130435,
        "macro_f1": 0.5399797570850202
      },
      "new": {
        "accuracy": 0.5217391304347826,
        "macro_f1": 0.3926282051282051
      },
      "delta": {
        "accuracy": -0.17391304347826086,
        "macro_f1": -0.1473515519568151
      },
      "required_delta": {
        "accuracy": 0.1,
        "macro_f1": 0.1
      }
    },
    "fresh_real_per_class_non_regression": {
      "passed": false,
      "classes": {
        "AVOID_PERSON": {
          "passed": true,
          "old_f1": 0.0,
          "new_f1": 0.0,
          "delta_f1": 0.0
        },
        "MOVE_TO_CHAIR": {
          "passed": false,
          "old_f1": 0.923076923076923,
          "new_f1": 0.6666666666666666,
          "delta_f1": -0.2564102564102564
        },
        "CHECK_TABLE": {
          "passed": false,
          "old_f1": 0.5,
          "new_f1": 0.15384615384615385,
          "delta_f1": -0.34615384615384615
        },
        "EXPLORE": {
          "passed": true,
          "old_f1": 0.7368421052631579,
          "new_f1": 0.75,
          "delta_f1": 0.013157894736842146
        }
      }
    }
  },
  "failure_reasons": [
    "Test accuracy regressed (0.7078651685393258 -> 0.662020905923345).",
    "Key class F1 regression detected.",
    "Fresh-real improvement gate not met (delta accuracy=-0.17391304347826086, delta macro_f1=-0.1473515519568151).",
    "Fresh-real per-class regression detected (mixed-sign deltas)."
  ],
  "recommended_actions": [
    "Collect more diverse real samples and rebalance weak classes before retraining.",
    "Increase reviewed real data for CHECK_TABLE/MOVE_TO_CHAIR edge cases.",
    "Collect at least two new independent real batches focused on low-light/clutter/occlusion/mixed scenes.",
    "Continue data-refresh cycles and target regressing fresh-real classes before promotion."
  ]
}