{
  "model_algorithm": "mlp",
  "sequence_length": 10,
  "feature_size": 43,
  "feature_columns": [
    "f0",
    "f1",
    "f2",
    "f3",
    "f4",
    "f5",
    "f6",
    "f7",
    "f8",
    "f9",
    "f10",
    "f11",
    "f12",
    "f13",
    "f14",
    "f15",
    "f16",
    "f17",
    "f18",
    "f19",
    "f20",
    "f21",
    "f22",
    "f23",
    "f24",
    "f25",
    "f26",
    "f27",
    "f28",
    "f29",
    "f30",
    "f31",
    "f32",
    "f33",
    "f34",
    "f35",
    "f36",
    "f37",
    "f38",
    "f39",
    "f40",
    "f41",
    "f42"
  ],
  "seed": 123,
  "threshold_local_rows": 50000,
  "dataset_rows": {
    "train": 1099,
    "val": 227,
    "test": 231,
    "total": 1557
  },
  "accuracy": {
    "best_val": 0.6828193832599119,
    "test": 0.5844155844155844
  },
  "macro_f1": 0.5882437184418332,
  "per_class": {
    "AVOID_PERSON": {
      "precision": 0.72,
      "recall": 0.6101694915254238,
      "f1": 0.6605504587155964
    },
    "MOVE_TO_CHAIR": {
      "precision": 0.4861111111111111,
      "recall": 0.5932203389830508,
      "f1": 0.5343511450381679
    },
    "CHECK_TABLE": {
      "precision": 0.4935064935064935,
      "recall": 0.6666666666666666,
      "f1": 0.5671641791044776
    },
    "EXPLORE": {
      "precision": 0.8125,
      "recall": 0.4642857142857143,
      "f1": 0.5909090909090908
    }
  },
  "confusion_matrix": [
    [
      36,
      7,
      14,
      2
    ],
    [
      2,
      35,
      18,
      4
    ],
    [
      7,
      12,
      38,
      0
    ],
    [
      5,
      18,
      7,
      26
    ]
  ],
  "fresh_real_eval": {
    "path": "data/processed_sweep_20260507_134301/seed_123/fresh_real_eval.csv",
    "rows": 23,
    "accuracy": 0.5652173913043478,
    "macro_f1": 0.44342948717948716,
    "per_class": {
      "AVOID_PERSON": {
        "precision": 0.0,
        "recall": 0.0,
        "f1": 0.0
      },
      "MOVE_TO_CHAIR": {
        "precision": 0.6666666666666666,
        "recall": 0.5714285714285714,
        "f1": 0.6153846153846153
      },
      "CHECK_TABLE": {
        "precision": 0.5714285714285714,
        "recall": 0.5,
        "f1": 0.5333333333333333
      },
      "EXPLORE": {
        "precision": 0.625,
        "recall": 0.625,
        "f1": 0.625
      }
    },
    "confusion_matrix": [
      [
        0,
        0,
        0,
        0
      ],
      [
        0,
        4,
        3,
        0
      ],
      [
        1,
        0,
        4,
        3
      ],
      [
        1,
        2,
        0,
        5
      ]
    ]
  }
}