{
  "model_algorithm": "gru",
  "sequence_length": 10,
  "feature_size": 43,
  "feature_columns": [
    "f0",
    "f1",
    "f2",
    "f3",
    "f4",
    "f5",
    "f6",
    "f7",
    "f8",
    "f9",
    "f10",
    "f11",
    "f12",
    "f13",
    "f14",
    "f15",
    "f16",
    "f17",
    "f18",
    "f19",
    "f20",
    "f21",
    "f22",
    "f23",
    "f24",
    "f25",
    "f26",
    "f27",
    "f28",
    "f29",
    "f30",
    "f31",
    "f32",
    "f33",
    "f34",
    "f35",
    "f36",
    "f37",
    "f38",
    "f39",
    "f40",
    "f41",
    "f42"
  ],
  "seed": 123,
  "threshold_local_rows": 50000,
  "dataset_rows": {
    "train": 695,
    "val": 139,
    "test": 147,
    "total": 981
  },
  "accuracy": {
    "best_val": 0.7985611510791367,
    "test": 0.7142857142857143
  },
  "macro_f1": 0.7124694394460961,
  "per_class": {
    "AVOID_PERSON": {
      "precision": 0.7555555555555555,
      "recall": 0.8947368421052632,
      "f1": 0.8192771084337349
    },
    "MOVE_TO_CHAIR": {
      "precision": 0.5952380952380952,
      "recall": 0.7142857142857143,
      "f1": 0.6493506493506493
    },
    "CHECK_TABLE": {
      "precision": 0.6363636363636364,
      "recall": 0.5675675675675675,
      "f1": 0.6000000000000001
    },
    "EXPLORE": {
      "precision": 0.9259259259259259,
      "recall": 0.6756756756756757,
      "f1": 0.7812500000000001
    }
  },
  "confusion_matrix": [
    [
      34,
      1,
      3,
      0
    ],
    [
      3,
      25,
      5,
      2
    ],
    [
      8,
      8,
      21,
      0
    ],
    [
      0,
      8,
      4,
      25
    ]
  ],
  "fresh_real_eval": {
    "path": "data/processed_sweep_20260507_132511/seed_123/fresh_real_eval.csv",
    "rows": 39,
    "accuracy": 0.6666666666666666,
    "macro_f1": 0.5518131868131868,
    "per_class": {
      "AVOID_PERSON": {
        "precision": 0.3,
        "recall": 1.0,
        "f1": 0.4615384615384615
      },
      "MOVE_TO_CHAIR": {
        "precision": 0.6875,
        "recall": 0.9166666666666666,
        "f1": 0.7857142857142857
      },
      "CHECK_TABLE": {
        "precision": 0.0,
        "recall": 0.0,
        "f1": 0.0
      },
      "EXPLORE": {
        "precision": 0.9230769230769231,
        "recall": 1.0,
        "f1": 0.9600000000000001
      }
    },
    "confusion_matrix": [
      [
        3,
        0,
        0,
        0
      ],
      [
        0,
        11,
        0,
        1
      ],
      [
        7,
        5,
        0,
        0
      ],
      [
        0,
        0,
        0,
        12
      ]
    ]
  }
}