{
  "model_algorithm": "mlp",
  "sequence_length": 10,
  "feature_size": 43,
  "feature_columns": [
    "f0",
    "f1",
    "f2",
    "f3",
    "f4",
    "f5",
    "f6",
    "f7",
    "f8",
    "f9",
    "f10",
    "f11",
    "f12",
    "f13",
    "f14",
    "f15",
    "f16",
    "f17",
    "f18",
    "f19",
    "f20",
    "f21",
    "f22",
    "f23",
    "f24",
    "f25",
    "f26",
    "f27",
    "f28",
    "f29",
    "f30",
    "f31",
    "f32",
    "f33",
    "f34",
    "f35",
    "f36",
    "f37",
    "f38",
    "f39",
    "f40",
    "f41",
    "f42"
  ],
  "seed": 123,
  "threshold_local_rows": 50000,
  "dataset_rows": {
    "train": 1247,
    "val": 259,
    "test": 263,
    "total": 1769
  },
  "accuracy": {
    "best_val": 0.7104247104247104,
    "test": 0.7262357414448669
  },
  "macro_f1": 0.7278829658852307,
  "per_class": {
    "AVOID_PERSON": {
      "precision": 0.7051282051282052,
      "recall": 0.8208955223880597,
      "f1": 0.7586206896551725
    },
    "MOVE_TO_CHAIR": {
      "precision": 0.6111111111111112,
      "recall": 0.6984126984126984,
      "f1": 0.6518518518518519
    },
    "CHECK_TABLE": {
      "precision": 0.7096774193548387,
      "recall": 0.6666666666666666,
      "f1": 0.6875
    },
    "EXPLORE": {
      "precision": 0.9411764705882353,
      "recall": 0.7164179104477612,
      "f1": 0.8135593220338982
    }
  },
  "confusion_matrix": [
    [
      55,
      4,
      7,
      1
    ],
    [
      9,
      44,
      8,
      2
    ],
    [
      11,
      11,
      44,
      0
    ],
    [
      3,
      13,
      3,
      48
    ]
  ],
  "fresh_real_eval": {
    "path": "data/processed_track1/20260507_145827/cycle_01_comparable/seed_123/fresh_real_eval.csv",
    "rows": 23,
    "accuracy": 0.6086956521739131,
    "macro_f1": 0.49754901960784315,
    "per_class": {
      "AVOID_PERSON": {
        "precision": 0.0,
        "recall": 0.0,
        "f1": 0.0
      },
      "MOVE_TO_CHAIR": {
        "precision": 1.0,
        "recall": 0.7142857142857143,
        "f1": 0.8333333333333333
      },
      "CHECK_TABLE": {
        "precision": 0.5,
        "recall": 0.25,
        "f1": 0.3333333333333333
      },
      "EXPLORE": {
        "precision": 0.7777777777777778,
        "recall": 0.875,
        "f1": 0.823529411764706
      }
    },
    "confusion_matrix": [
      [
        0,
        0,
        0,
        0
      ],
      [
        1,
        5,
        1,
        0
      ],
      [
        4,
        0,
        2,
        2
      ],
      [
        0,
        0,
        1,
        7
      ]
    ]
  }
}