{
  "model_algorithm": "mlp",
  "sequence_length": 10,
  "feature_size": 43,
  "feature_columns": [
    "f0",
    "f1",
    "f2",
    "f3",
    "f4",
    "f5",
    "f6",
    "f7",
    "f8",
    "f9",
    "f10",
    "f11",
    "f12",
    "f13",
    "f14",
    "f15",
    "f16",
    "f17",
    "f18",
    "f19",
    "f20",
    "f21",
    "f22",
    "f23",
    "f24",
    "f25",
    "f26",
    "f27",
    "f28",
    "f29",
    "f30",
    "f31",
    "f32",
    "f33",
    "f34",
    "f35",
    "f36",
    "f37",
    "f38",
    "f39",
    "f40",
    "f41",
    "f42"
  ],
  "seed": 17,
  "threshold_local_rows": 50000,
  "dataset_rows": {
    "train": 1247,
    "val": 259,
    "test": 263,
    "total": 1769
  },
  "accuracy": {
    "best_val": 0.7413127413127413,
    "test": 0.6349809885931559
  },
  "macro_f1": 0.6445851445851445,
  "per_class": {
    "AVOID_PERSON": {
      "precision": 0.6825396825396826,
      "recall": 0.6515151515151515,
      "f1": 0.6666666666666666
    },
    "MOVE_TO_CHAIR": {
      "precision": 0.5,
      "recall": 0.6,
      "f1": 0.5454545454545454
    },
    "CHECK_TABLE": {
      "precision": 0.5466666666666666,
      "recall": 0.6029411764705882,
      "f1": 0.5734265734265734
    },
    "EXPLORE": {
      "precision": 0.9361702127659575,
      "recall": 0.6875,
      "f1": 0.7927927927927927
    }
  },
  "confusion_matrix": [
    [
      43,
      11,
      11,
      1
    ],
    [
      6,
      39,
      19,
      1
    ],
    [
      14,
      12,
      41,
      1
    ],
    [
      0,
      16,
      4,
      44
    ]
  ],
  "fresh_real_eval": {
    "path": "data/processed_track1/20260507_145827/cycle_01_comparable/seed_17/fresh_real_eval.csv",
    "rows": 23,
    "accuracy": 0.6521739130434783,
    "macro_f1": 0.5287081339712919,
    "per_class": {
      "AVOID_PERSON": {
        "precision": 0.0,
        "recall": 0.0,
        "f1": 0.0
      },
      "MOVE_TO_CHAIR": {
        "precision": 1.0,
        "recall": 0.5714285714285714,
        "f1": 0.7272727272727273
      },
      "CHECK_TABLE": {
        "precision": 1.0,
        "recall": 0.375,
        "f1": 0.5454545454545454
      },
      "EXPLORE": {
        "precision": 0.7272727272727273,
        "recall": 1.0,
        "f1": 0.8421052631578948
      }
    },
    "confusion_matrix": [
      [
        0,
        0,
        0,
        0
      ],
      [
        1,
        4,
        0,
        2
      ],
      [
        4,
        0,
        3,
        1
      ],
      [
        0,
        0,
        0,
        8
      ]
    ]
  }
}