{
  "status": "not_promoted",
  "promotable": false,
  "baseline_path": "reports/metrics_promoted_baseline.json",
  "current_metrics_path": "reports/track1/20260507_145827/cycle_01_comparable/seed_17/metrics.json",
  "gate_results": {
    "test_accuracy_non_regression": {
      "passed": true,
      "old": 0.6320346320346321,
      "new": 0.6349809885931559,
      "tolerance": 0.005
    },
    "key_class_f1_non_regression": {
      "passed": true,
      "classes": {
        "CHECK_TABLE": {
          "passed": true,
          "old_f1": 0.5714285714285714,
          "new_f1": 0.5734265734265734
        },
        "MOVE_TO_CHAIR": {
          "passed": true,
          "old_f1": 0.49557522123893805,
          "new_f1": 0.5454545454545454
        }
      }
    },
    "fresh_real_improvement": {
      "passed": true,
      "old": {
        "accuracy": 0.5217391304347826,
        "macro_f1": 0.3894230769230769
      },
      "new": {
        "accuracy": 0.6521739130434783,
        "macro_f1": 0.5287081339712919
      },
      "delta": {
        "accuracy": 0.13043478260869568,
        "macro_f1": 0.13928505704821498
      },
      "required_delta": {
        "accuracy": 0.1,
        "macro_f1": 0.1
      }
    },
    "fresh_real_per_class_non_regression": {
      "passed": false,
      "classes": {
        "AVOID_PERSON": {
          "passed": true,
          "old_f1": 0.0,
          "new_f1": 0.0,
          "delta_f1": 0.0
        },
        "MOVE_TO_CHAIR": {
          "passed": false,
          "old_f1": 0.75,
          "new_f1": 0.7272727272727273,
          "delta_f1": -0.022727272727272707
        },
        "CHECK_TABLE": {
          "passed": true,
          "old_f1": 0.3076923076923077,
          "new_f1": 0.5454545454545454,
          "delta_f1": 0.2377622377622377
        },
        "EXPLORE": {
          "passed": true,
          "old_f1": 0.5,
          "new_f1": 0.8421052631578948,
          "delta_f1": 0.3421052631578948
        }
      }
    }
  },
  "failure_reasons": [
    "Fresh-real per-class regression detected (mixed-sign deltas)."
  ],
  "recommended_actions": [
    "Continue data-refresh cycles and target regressing fresh-real classes before promotion."
  ]
}