{
  "model_algorithm": "gru",
  "sequence_length": 10,
  "feature_size": 43,
  "feature_columns": [
    "f0",
    "f1",
    "f2",
    "f3",
    "f4",
    "f5",
    "f6",
    "f7",
    "f8",
    "f9",
    "f10",
    "f11",
    "f12",
    "f13",
    "f14",
    "f15",
    "f16",
    "f17",
    "f18",
    "f19",
    "f20",
    "f21",
    "f22",
    "f23",
    "f24",
    "f25",
    "f26",
    "f27",
    "f28",
    "f29",
    "f30",
    "f31",
    "f32",
    "f33",
    "f34",
    "f35",
    "f36",
    "f37",
    "f38",
    "f39",
    "f40",
    "f41",
    "f42"
  ],
  "seed": 17,
  "threshold_local_rows": 50000,
  "dataset_rows": {
    "train": 695,
    "val": 139,
    "test": 147,
    "total": 981
  },
  "accuracy": {
    "best_val": 0.7266187050359713,
    "test": 0.7074829931972789
  },
  "macro_f1": 0.7016084196913989,
  "per_class": {
    "AVOID_PERSON": {
      "precision": 0.7954545454545454,
      "recall": 0.9210526315789473,
      "f1": 0.8536585365853658
    },
    "MOVE_TO_CHAIR": {
      "precision": 0.5405405405405406,
      "recall": 0.5405405405405406,
      "f1": 0.5405405405405406
    },
    "CHECK_TABLE": {
      "precision": 0.6129032258064516,
      "recall": 0.5277777777777778,
      "f1": 0.5671641791044777
    },
    "EXPLORE": {
      "precision": 0.8571428571428571,
      "recall": 0.8333333333333334,
      "f1": 0.8450704225352113
    }
  },
  "confusion_matrix": [
    [
      35,
      1,
      2,
      0
    ],
    [
      6,
      20,
      9,
      2
    ],
    [
      3,
      11,
      19,
      3
    ],
    [
      0,
      5,
      1,
      30
    ]
  ],
  "fresh_real_eval": {
    "path": "data/processed_sweep_20260507_132511/seed_17/fresh_real_eval.csv",
    "rows": 39,
    "accuracy": 0.48717948717948717,
    "macro_f1": 0.4489551083591331,
    "per_class": {
      "AVOID_PERSON": {
        "precision": 0.42857142857142855,
        "recall": 1.0,
        "f1": 0.6
      },
      "MOVE_TO_CHAIR": {
        "precision": 0.2857142857142857,
        "recall": 0.16666666666666666,
        "f1": 0.2105263157894737
      },
      "CHECK_TABLE": {
        "precision": 0.4,
        "recall": 0.16666666666666666,
        "f1": 0.23529411764705882
      },
      "EXPLORE": {
        "precision": 0.6,
        "recall": 1.0,
        "f1": 0.7499999999999999
      }
    },
    "confusion_matrix": [
      [
        3,
        0,
        0,
        0
      ],
      [
        0,
        2,
        3,
        7
      ],
      [
        4,
        5,
        2,
        1
      ],
      [
        0,
        0,
        0,
        12
      ]
    ]
  }
}