{
  "model_algorithm": "gru",
  "sequence_length": 10,
  "feature_size": 43,
  "feature_columns": [
    "f0",
    "f1",
    "f2",
    "f3",
    "f4",
    "f5",
    "f6",
    "f7",
    "f8",
    "f9",
    "f10",
    "f11",
    "f12",
    "f13",
    "f14",
    "f15",
    "f16",
    "f17",
    "f18",
    "f19",
    "f20",
    "f21",
    "f22",
    "f23",
    "f24",
    "f25",
    "f26",
    "f27",
    "f28",
    "f29",
    "f30",
    "f31",
    "f32",
    "f33",
    "f34",
    "f35",
    "f36",
    "f37",
    "f38",
    "f39",
    "f40",
    "f41",
    "f42"
  ],
  "seed": 17,
  "threshold_local_rows": 50000,
  "dataset_rows": {
    "train": 671,
    "val": 135,
    "test": 143,
    "total": 949
  },
  "accuracy": {
    "best_val": 0.7185185185185186,
    "test": 0.8041958041958042
  },
  "macro_f1": 0.8068427871809974,
  "per_class": {
    "AVOID_PERSON": {
      "precision": 0.9428571428571428,
      "recall": 0.8918918918918919,
      "f1": 0.9166666666666667
    },
    "MOVE_TO_CHAIR": {
      "precision": 0.696969696969697,
      "recall": 0.6571428571428571,
      "f1": 0.676470588235294
    },
    "CHECK_TABLE": {
      "precision": 0.6666666666666666,
      "recall": 0.7567567567567568,
      "f1": 0.7088607594936708
    },
    "EXPLORE": {
      "precision": 0.9393939393939394,
      "recall": 0.9117647058823529,
      "f1": 0.9253731343283583
    }
  },
  "confusion_matrix": [
    [
      33,
      0,
      4,
      0
    ],
    [
      1,
      23,
      9,
      2
    ],
    [
      1,
      8,
      28,
      0
    ],
    [
      0,
      2,
      1,
      31
    ]
  ],
  "fresh_real_eval": {
    "path": "data/processed_sweep_20260507_000721/seed_17/fresh_real_eval.csv",
    "rows": 39,
    "accuracy": 0.7435897435897436,
    "macro_f1": 0.7309343434343434,
    "per_class": {
      "AVOID_PERSON": {
        "precision": 0.6,
        "recall": 1.0,
        "f1": 0.7499999999999999
      },
      "MOVE_TO_CHAIR": {
        "precision": 0.8333333333333334,
        "recall": 0.4166666666666667,
        "f1": 0.5555555555555556
      },
      "CHECK_TABLE": {
        "precision": 0.9,
        "recall": 0.75,
        "f1": 0.8181818181818182
      },
      "EXPLORE": {
        "precision": 0.6666666666666666,
        "recall": 1.0,
        "f1": 0.8
      }
    },
    "confusion_matrix": [
      [
        3,
        0,
        0,
        0
      ],
      [
        0,
        5,
        1,
        6
      ],
      [
        2,
        1,
        9,
        0
      ],
      [
        0,
        0,
        0,
        12
      ]
    ]
  }
}