{
  "model_algorithm": "gru",
  "sequence_length": 10,
  "feature_size": 43,
  "feature_columns": [
    "f0",
    "f1",
    "f2",
    "f3",
    "f4",
    "f5",
    "f6",
    "f7",
    "f8",
    "f9",
    "f10",
    "f11",
    "f12",
    "f13",
    "f14",
    "f15",
    "f16",
    "f17",
    "f18",
    "f19",
    "f20",
    "f21",
    "f22",
    "f23",
    "f24",
    "f25",
    "f26",
    "f27",
    "f28",
    "f29",
    "f30",
    "f31",
    "f32",
    "f33",
    "f34",
    "f35",
    "f36",
    "f37",
    "f38",
    "f39",
    "f40",
    "f41",
    "f42"
  ],
  "seed": 42,
  "threshold_local_rows": 50000,
  "dataset_rows": {
    "train": 671,
    "val": 135,
    "test": 143,
    "total": 949
  },
  "accuracy": {
    "best_val": 0.7481481481481481,
    "test": 0.7972027972027972
  },
  "macro_f1": 0.7954735515464431,
  "per_class": {
    "AVOID_PERSON": {
      "precision": 0.7894736842105263,
      "recall": 0.8571428571428571,
      "f1": 0.8219178082191781
    },
    "MOVE_TO_CHAIR": {
      "precision": 0.7586206896551724,
      "recall": 0.6285714285714286,
      "f1": 0.6875
    },
    "CHECK_TABLE": {
      "precision": 0.7272727272727273,
      "recall": 0.8648648648648649,
      "f1": 0.7901234567901235
    },
    "EXPLORE": {
      "precision": 0.9375,
      "recall": 0.8333333333333334,
      "f1": 0.8823529411764706
    }
  },
  "confusion_matrix": [
    [
      30,
      2,
      3,
      0
    ],
    [
      6,
      22,
      6,
      1
    ],
    [
      2,
      2,
      32,
      1
    ],
    [
      0,
      3,
      3,
      30
    ]
  ],
  "fresh_real_eval": {
    "path": "data/processed_sweep_20260507_000721/seed_42/fresh_real_eval.csv",
    "rows": 39,
    "accuracy": 0.7692307692307693,
    "macro_f1": 0.7337995337995337,
    "per_class": {
      "AVOID_PERSON": {
        "precision": 0.375,
        "recall": 1.0,
        "f1": 0.5454545454545454
      },
      "MOVE_TO_CHAIR": {
        "precision": 0.7777777777777778,
        "recall": 0.5833333333333334,
        "f1": 0.6666666666666666
      },
      "CHECK_TABLE": {
        "precision": 1.0,
        "recall": 0.6666666666666666,
        "f1": 0.8
      },
      "EXPLORE": {
        "precision": 0.8571428571428571,
        "recall": 1.0,
        "f1": 0.923076923076923
      }
    },
    "confusion_matrix": [
      [
        3,
        0,
        0,
        0
      ],
      [
        3,
        7,
        0,
        2
      ],
      [
        2,
        2,
        8,
        0
      ],
      [
        0,
        0,
        0,
        12
      ]
    ]
  }
}