{
  "model_algorithm": "gru",
  "sequence_length": 10,
  "feature_size": 43,
  "feature_columns": [
    "f0",
    "f1",
    "f2",
    "f3",
    "f4",
    "f5",
    "f6",
    "f7",
    "f8",
    "f9",
    "f10",
    "f11",
    "f12",
    "f13",
    "f14",
    "f15",
    "f16",
    "f17",
    "f18",
    "f19",
    "f20",
    "f21",
    "f22",
    "f23",
    "f24",
    "f25",
    "f26",
    "f27",
    "f28",
    "f29",
    "f30",
    "f31",
    "f32",
    "f33",
    "f34",
    "f35",
    "f36",
    "f37",
    "f38",
    "f39",
    "f40",
    "f41",
    "f42"
  ],
  "threshold_local_rows": 50000,
  "dataset_rows": {
    "train": 477,
    "val": 94,
    "test": 98,
    "total": 669
  },
  "accuracy": {
    "best_val": 0.776595744680851,
    "test": 0.7040816326530612
  },
  "macro_f1": 0.7054888507718696,
  "per_class": {
    "AVOID_PERSON": {
      "precision": 0.7241379310344828,
      "recall": 0.84,
      "f1": 0.7777777777777777
    },
    "MOVE_TO_CHAIR": {
      "precision": 0.6153846153846154,
      "recall": 0.5925925925925926,
      "f1": 0.6037735849056604
    },
    "CHECK_TABLE": {
      "precision": 0.6086956521739131,
      "recall": 0.6363636363636364,
      "f1": 0.6222222222222223
    },
    "EXPLORE": {
      "precision": 0.9,
      "recall": 0.75,
      "f1": 0.8181818181818182
    }
  },
  "confusion_matrix": [
    [
      21,
      3,
      1,
      0
    ],
    [
      4,
      16,
      6,
      1
    ],
    [
      0,
      7,
      14,
      1
    ],
    [
      4,
      0,
      2,
      18
    ]
  ],
  "fresh_real_eval": {
    "path": "data/processed_exp_none_40_16_5e4/fresh_real_eval.csv",
    "rows": 37,
    "accuracy": 0.5675675675675675,
    "macro_f1": 0.44734613212874086,
    "per_class": {
      "AVOID_PERSON": {
        "precision": 0.7142857142857143,
        "recall": 0.7142857142857143,
        "f1": 0.7142857142857143
      },
      "MOVE_TO_CHAIR": {
        "precision": 0.8,
        "recall": 0.2222222222222222,
        "f1": 0.3478260869565218
      },
      "CHECK_TABLE": {
        "precision": 0.0,
        "recall": 0.0,
        "f1": 0.0
      },
      "EXPLORE": {
        "precision": 0.5714285714285714,
        "recall": 1.0,
        "f1": 0.7272727272727273
      }
    },
    "confusion_matrix": [
      [
        5,
        1,
        0,
        1
      ],
      [
        2,
        4,
        4,
        8
      ],
      [
        0,
        0,
        0,
        0
      ],
      [
        0,
        0,
        0,
        12
      ]
    ]
  }
}