{
  "model_algorithm": "mlp",
  "sequence_length": 10,
  "feature_size": 43,
  "feature_columns": [
    "f0",
    "f1",
    "f2",
    "f3",
    "f4",
    "f5",
    "f6",
    "f7",
    "f8",
    "f9",
    "f10",
    "f11",
    "f12",
    "f13",
    "f14",
    "f15",
    "f16",
    "f17",
    "f18",
    "f19",
    "f20",
    "f21",
    "f22",
    "f23",
    "f24",
    "f25",
    "f26",
    "f27",
    "f28",
    "f29",
    "f30",
    "f31",
    "f32",
    "f33",
    "f34",
    "f35",
    "f36",
    "f37",
    "f38",
    "f39",
    "f40",
    "f41",
    "f42"
  ],
  "seed": 123,
  "threshold_local_rows": 50000,
  "dataset_rows": {
    "train": 1235,
    "val": 255,
    "test": 263,
    "total": 1753
  },
  "accuracy": {
    "best_val": 0.6901960784313725,
    "test": 0.7376425855513308
  },
  "macro_f1": 0.7345234195872912,
  "per_class": {
    "AVOID_PERSON": {
      "precision": 0.8387096774193549,
      "recall": 0.7761194029850746,
      "f1": 0.8062015503875968
    },
    "MOVE_TO_CHAIR": {
      "precision": 0.6060606060606061,
      "recall": 0.6349206349206349,
      "f1": 0.62015503875969
    },
    "CHECK_TABLE": {
      "precision": 0.7,
      "recall": 0.6363636363636364,
      "f1": 0.6666666666666666
    },
    "EXPLORE": {
      "precision": 0.8,
      "recall": 0.8955223880597015,
      "f1": 0.8450704225352113
    }
  },
  "confusion_matrix": [
    [
      52,
      6,
      9,
      0
    ],
    [
      2,
      40,
      9,
      12
    ],
    [
      6,
      15,
      42,
      3
    ],
    [
      2,
      5,
      0,
      60
    ]
  ],
  "fresh_real_eval": {
    "path": "data/processed_track1/20260507_145827/cycle_03_noise_check/seed_123/fresh_real_eval.csv",
    "rows": 39,
    "accuracy": 0.717948717948718,
    "macro_f1": 0.723731884057971,
    "per_class": {
      "AVOID_PERSON": {
        "precision": 0.6,
        "recall": 1.0,
        "f1": 0.7499999999999999
      },
      "MOVE_TO_CHAIR": {
        "precision": 0.8181818181818182,
        "recall": 0.75,
        "f1": 0.7826086956521738
      },
      "CHECK_TABLE": {
        "precision": 0.6666666666666666,
        "recall": 0.6666666666666666,
        "f1": 0.6666666666666666
      },
      "EXPLORE": {
        "precision": 0.7272727272727273,
        "recall": 0.6666666666666666,
        "f1": 0.6956521739130435
      }
    },
    "confusion_matrix": [
      [
        3,
        0,
        0,
        0
      ],
      [
        0,
        9,
        2,
        1
      ],
      [
        2,
        0,
        8,
        2
      ],
      [
        0,
        2,
        2,
        8
      ]
    ]
  }
}