{
  "status": "promotable_no_write",
  "promotable": true,
  "baseline_path": "reports/metrics_promoted_baseline.json",
  "current_metrics_path": "reports/track1/20260507_145827/cycle_03_noise_check/seed_123/metrics.json",
  "gate_results": {
    "test_accuracy_non_regression": {
      "passed": true,
      "old": 0.6320346320346321,
      "new": 0.7376425855513308,
      "tolerance": 0.005
    },
    "key_class_f1_non_regression": {
      "passed": true,
      "classes": {
        "CHECK_TABLE": {
          "passed": true,
          "old_f1": 0.5714285714285714,
          "new_f1": 0.6666666666666666
        },
        "MOVE_TO_CHAIR": {
          "passed": true,
          "old_f1": 0.49557522123893805,
          "new_f1": 0.62015503875969
        }
      }
    },
    "fresh_real_improvement": {
      "passed": true,
      "old": {
        "accuracy": 0.5217391304347826,
        "macro_f1": 0.3894230769230769
      },
      "new": {
        "accuracy": 0.717948717948718,
        "macro_f1": 0.723731884057971
      },
      "delta": {
        "accuracy": 0.19620958751393536,
        "macro_f1": 0.334308807134894
      },
      "required_delta": {
        "accuracy": 0.1,
        "macro_f1": 0.1
      }
    },
    "fresh_real_per_class_non_regression": {
      "passed": true,
      "classes": {
        "AVOID_PERSON": {
          "passed": true,
          "old_f1": 0.0,
          "new_f1": 0.7499999999999999,
          "delta_f1": 0.7499999999999999
        },
        "MOVE_TO_CHAIR": {
          "passed": true,
          "old_f1": 0.75,
          "new_f1": 0.7826086956521738,
          "delta_f1": 0.032608695652173836
        },
        "CHECK_TABLE": {
          "passed": true,
          "old_f1": 0.3076923076923077,
          "new_f1": 0.6666666666666666,
          "delta_f1": 0.3589743589743589
        },
        "EXPLORE": {
          "passed": true,
          "old_f1": 0.5,
          "new_f1": 0.6956521739130435,
          "delta_f1": 0.19565217391304346
        }
      }
    }
  },
  "failure_reasons": [],
  "recommended_actions": []
}