{
  "model_algorithm": "mlp",
  "sequence_length": 10,
  "feature_size": 43,
  "feature_columns": [
    "f0",
    "f1",
    "f2",
    "f3",
    "f4",
    "f5",
    "f6",
    "f7",
    "f8",
    "f9",
    "f10",
    "f11",
    "f12",
    "f13",
    "f14",
    "f15",
    "f16",
    "f17",
    "f18",
    "f19",
    "f20",
    "f21",
    "f22",
    "f23",
    "f24",
    "f25",
    "f26",
    "f27",
    "f28",
    "f29",
    "f30",
    "f31",
    "f32",
    "f33",
    "f34",
    "f35",
    "f36",
    "f37",
    "f38",
    "f39",
    "f40",
    "f41",
    "f42"
  ],
  "seed": 42,
  "threshold_local_rows": 50000,
  "dataset_rows": {
    "train": 1107,
    "val": 227,
    "test": 235,
    "total": 1569
  },
  "accuracy": {
    "best_val": 0.6960352422907489,
    "test": 0.6042553191489362
  },
  "macro_f1": 0.6100999500249875,
  "per_class": {
    "AVOID_PERSON": {
      "precision": 0.6551724137931034,
      "recall": 0.6551724137931034,
      "f1": 0.6551724137931034
    },
    "MOVE_TO_CHAIR": {
      "precision": 0.46551724137931033,
      "recall": 0.46551724137931033,
      "f1": 0.46551724137931033
    },
    "CHECK_TABLE": {
      "precision": 0.5194805194805194,
      "recall": 0.6557377049180327,
      "f1": 0.5797101449275361
    },
    "EXPLORE": {
      "precision": 0.8809523809523809,
      "recall": 0.6379310344827587,
      "f1": 0.7400000000000001
    }
  },
  "confusion_matrix": [
    [
      38,
      5,
      15,
      0
    ],
    [
      13,
      27,
      15,
      3
    ],
    [
      5,
      14,
      40,
      2
    ],
    [
      2,
      12,
      7,
      37
    ]
  ],
  "fresh_real_eval": {
    "path": "data/processed_sweep_freshIJ_h32_20260507_140750/seed_42/fresh_real_eval.csv",
    "rows": 23,
    "accuracy": 0.5217391304347826,
    "macro_f1": 0.38744939271255063,
    "per_class": {
      "AVOID_PERSON": {
        "precision": 0.0,
        "recall": 0.0,
        "f1": 0.0
      },
      "MOVE_TO_CHAIR": {
        "precision": 0.6666666666666666,
        "recall": 0.2857142857142857,
        "f1": 0.4
      },
      "CHECK_TABLE": {
        "precision": 0.4,
        "recall": 0.25,
        "f1": 0.3076923076923077
      },
      "EXPLORE": {
        "precision": 0.7272727272727273,
        "recall": 1.0,
        "f1": 0.8421052631578948
      }
    },
    "confusion_matrix": [
      [
        0,
        0,
        0,
        0
      ],
      [
        0,
        2,
        3,
        2
      ],
      [
        4,
        1,
        2,
        1
      ],
      [
        0,
        0,
        0,
        8
      ]
    ]
  }
}