{
  "model_algorithm": "mlp",
  "sequence_length": 10,
  "feature_size": 43,
  "feature_columns": [
    "f0",
    "f1",
    "f2",
    "f3",
    "f4",
    "f5",
    "f6",
    "f7",
    "f8",
    "f9",
    "f10",
    "f11",
    "f12",
    "f13",
    "f14",
    "f15",
    "f16",
    "f17",
    "f18",
    "f19",
    "f20",
    "f21",
    "f22",
    "f23",
    "f24",
    "f25",
    "f26",
    "f27",
    "f28",
    "f29",
    "f30",
    "f31",
    "f32",
    "f33",
    "f34",
    "f35",
    "f36",
    "f37",
    "f38",
    "f39",
    "f40",
    "f41",
    "f42"
  ],
  "seed": 17,
  "threshold_local_rows": 50000,
  "dataset_rows": {
    "train": 1055,
    "val": 219,
    "test": 223,
    "total": 1497
  },
  "accuracy": {
    "best_val": 0.6073059360730594,
    "test": 0.6502242152466368
  },
  "macro_f1": 0.6499439899029752,
  "per_class": {
    "AVOID_PERSON": {
      "precision": 0.6610169491525424,
      "recall": 0.6842105263157895,
      "f1": 0.6724137931034484
    },
    "MOVE_TO_CHAIR": {
      "precision": 0.5833333333333334,
      "recall": 0.5185185185185185,
      "f1": 0.5490196078431373
    },
    "CHECK_TABLE": {
      "precision": 0.5774647887323944,
      "recall": 0.7321428571428571,
      "f1": 0.6456692913385826
    },
    "EXPLORE": {
      "precision": 0.8222222222222222,
      "recall": 0.6607142857142857,
      "f1": 0.7326732673267325
    }
  },
  "confusion_matrix": [
    [
      39,
      6,
      11,
      1
    ],
    [
      9,
      28,
      12,
      5
    ],
    [
      7,
      6,
      41,
      2
    ],
    [
      4,
      8,
      7,
      37
    ]
  ],
  "fresh_real_eval": {
    "path": "data/processed_sweep_20260507_133650/seed_17/fresh_real_eval.csv",
    "rows": 39,
    "accuracy": 0.38461538461538464,
    "macro_f1": 0.3903293773649811,
    "per_class": {
      "AVOID_PERSON": {
        "precision": 0.14285714285714285,
        "recall": 0.6666666666666666,
        "f1": 0.23529411764705882
      },
      "MOVE_TO_CHAIR": {
        "precision": 0.6666666666666666,
        "recall": 0.3333333333333333,
        "f1": 0.4444444444444444
      },
      "CHECK_TABLE": {
        "precision": 0.25,
        "recall": 0.25,
        "f1": 0.25
      },
      "EXPLORE": {
        "precision": 0.8571428571428571,
        "recall": 0.5,
        "f1": 0.631578947368421
      }
    },
    "confusion_matrix": [
      [
        2,
        0,
        1,
        0
      ],
      [
        2,
        4,
        6,
        0
      ],
      [
        7,
        1,
        3,
        1
      ],
      [
        3,
        1,
        2,
        6
      ]
    ]
  }
}