{
  "model_algorithm": "gru",
  "sequence_length": 10,
  "feature_size": 43,
  "feature_columns": [
    "f0",
    "f1",
    "f2",
    "f3",
    "f4",
    "f5",
    "f6",
    "f7",
    "f8",
    "f9",
    "f10",
    "f11",
    "f12",
    "f13",
    "f14",
    "f15",
    "f16",
    "f17",
    "f18",
    "f19",
    "f20",
    "f21",
    "f22",
    "f23",
    "f24",
    "f25",
    "f26",
    "f27",
    "f28",
    "f29",
    "f30",
    "f31",
    "f32",
    "f33",
    "f34",
    "f35",
    "f36",
    "f37",
    "f38",
    "f39",
    "f40",
    "f41",
    "f42"
  ],
  "seed": 42,
  "threshold_local_rows": 50000,
  "dataset_rows": {
    "train": 671,
    "val": 135,
    "test": 143,
    "total": 949
  },
  "accuracy": {
    "best_val": 0.7333333333333333,
    "test": 0.7762237762237763
  },
  "macro_f1": 0.7748277752803181,
  "per_class": {
    "AVOID_PERSON": {
      "precision": 0.7941176470588235,
      "recall": 0.7714285714285715,
      "f1": 0.782608695652174
    },
    "MOVE_TO_CHAIR": {
      "precision": 0.75,
      "recall": 0.6857142857142857,
      "f1": 0.7164179104477612
    },
    "CHECK_TABLE": {
      "precision": 0.7692307692307693,
      "recall": 0.8108108108108109,
      "f1": 0.7894736842105263
    },
    "EXPLORE": {
      "precision": 0.7894736842105263,
      "recall": 0.8333333333333334,
      "f1": 0.8108108108108109
    }
  },
  "confusion_matrix": [
    [
      27,
      2,
      4,
      2
    ],
    [
      4,
      24,
      4,
      3
    ],
    [
      3,
      1,
      30,
      3
    ],
    [
      0,
      5,
      1,
      30
    ]
  ],
  "fresh_real_eval": {
    "path": "data/processed_sweep_20260507_001307/seed_42/fresh_real_eval.csv",
    "rows": 27,
    "accuracy": 0.8148148148148148,
    "macro_f1": 0.6217105263157894,
    "per_class": {
      "AVOID_PERSON": {
        "precision": 0.6,
        "recall": 1.0,
        "f1": 0.7499999999999999
      },
      "MOVE_TO_CHAIR": {
        "precision": 0.0,
        "recall": 0.0,
        "f1": 0.0
      },
      "CHECK_TABLE": {
        "precision": 1.0,
        "recall": 0.5833333333333334,
        "f1": 0.7368421052631579
      },
      "EXPLORE": {
        "precision": 1.0,
        "recall": 1.0,
        "f1": 1.0
      }
    },
    "confusion_matrix": [
      [
        3,
        0,
        0,
        0
      ],
      [
        0,
        0,
        0,
        0
      ],
      [
        2,
        3,
        7,
        0
      ],
      [
        0,
        0,
        0,
        12
      ]
    ]
  }
}