{
  "model_algorithm": "gru",
  "sequence_length": 10,
  "feature_size": 43,
  "feature_columns": [
    "f0",
    "f1",
    "f2",
    "f3",
    "f4",
    "f5",
    "f6",
    "f7",
    "f8",
    "f9",
    "f10",
    "f11",
    "f12",
    "f13",
    "f14",
    "f15",
    "f16",
    "f17",
    "f18",
    "f19",
    "f20",
    "f21",
    "f22",
    "f23",
    "f24",
    "f25",
    "f26",
    "f27",
    "f28",
    "f29",
    "f30",
    "f31",
    "f32",
    "f33",
    "f34",
    "f35",
    "f36",
    "f37",
    "f38",
    "f39",
    "f40",
    "f41",
    "f42"
  ],
  "threshold_local_rows": 50000,
  "dataset_rows": {
    "train": 469,
    "val": 93,
    "test": 96,
    "total": 658
  },
  "accuracy": {
    "best_val": 0.7419354838709677,
    "test": 0.6354166666666666
  },
  "macro_f1": 0.6373930947101679,
  "per_class": {
    "AVOID_PERSON": {
      "precision": 0.6896551724137931,
      "recall": 0.7692307692307693,
      "f1": 0.7272727272727274
    },
    "MOVE_TO_CHAIR": {
      "precision": 0.4838709677419355,
      "recall": 0.6,
      "f1": 0.5357142857142857
    },
    "CHECK_TABLE": {
      "precision": 0.55,
      "recall": 0.5238095238095238,
      "f1": 0.5365853658536585
    },
    "EXPLORE": {
      "precision": 0.9375,
      "recall": 0.625,
      "f1": 0.75
    }
  },
  "confusion_matrix": [
    [
      20,
      3,
      3,
      0
    ],
    [
      4,
      15,
      5,
      1
    ],
    [
      5,
      5,
      11,
      0
    ],
    [
      0,
      8,
      1,
      15
    ]
  ],
  "fresh_real_eval": {
    "path": "data/processed_exp_cap_40_16_5e4/fresh_real_eval.csv",
    "rows": 37,
    "accuracy": 0.8108108108108109,
    "macro_f1": 0.5833333333333333,
    "per_class": {
      "AVOID_PERSON": {
        "precision": 0.5,
        "recall": 0.5714285714285714,
        "f1": 0.5333333333333333
      },
      "MOVE_TO_CHAIR": {
        "precision": 0.8235294117647058,
        "recall": 0.7777777777777778,
        "f1": 0.7999999999999999
      },
      "CHECK_TABLE": {
        "precision": 0.0,
        "recall": 0.0,
        "f1": 0.0
      },
      "EXPLORE": {
        "precision": 1.0,
        "recall": 1.0,
        "f1": 1.0
      }
    },
    "confusion_matrix": [
      [
        4,
        3,
        0,
        0
      ],
      [
        4,
        14,
        0,
        0
      ],
      [
        0,
        0,
        0,
        0
      ],
      [
        0,
        0,
        0,
        12
      ]
    ]
  }
}