{
  "model_algorithm": "mlp",
  "sequence_length": 10,
  "feature_size": 43,
  "feature_columns": [
    "f0",
    "f1",
    "f2",
    "f3",
    "f4",
    "f5",
    "f6",
    "f7",
    "f8",
    "f9",
    "f10",
    "f11",
    "f12",
    "f13",
    "f14",
    "f15",
    "f16",
    "f17",
    "f18",
    "f19",
    "f20",
    "f21",
    "f22",
    "f23",
    "f24",
    "f25",
    "f26",
    "f27",
    "f28",
    "f29",
    "f30",
    "f31",
    "f32",
    "f33",
    "f34",
    "f35",
    "f36",
    "f37",
    "f38",
    "f39",
    "f40",
    "f41",
    "f42"
  ],
  "seed": 17,
  "threshold_local_rows": 50000,
  "dataset_rows": {
    "train": 1095,
    "val": 227,
    "test": 231,
    "total": 1553
  },
  "accuracy": {
    "best_val": 0.6607929515418502,
    "test": 0.683982683982684
  },
  "macro_f1": 0.6870442299906121,
  "per_class": {
    "AVOID_PERSON": {
      "precision": 0.7377049180327869,
      "recall": 0.7758620689655172,
      "f1": 0.7563025210084033
    },
    "MOVE_TO_CHAIR": {
      "precision": 0.6481481481481481,
      "recall": 0.5932203389830508,
      "f1": 0.6194690265486725
    },
    "CHECK_TABLE": {
      "precision": 0.5428571428571428,
      "recall": 0.6785714285714286,
      "f1": 0.603174603174603
    },
    "EXPLORE": {
      "precision": 0.8695652173913043,
      "recall": 0.6896551724137931,
      "f1": 0.7692307692307693
    }
  },
  "confusion_matrix": [
    [
      45,
      4,
      7,
      2
    ],
    [
      5,
      35,
      17,
      2
    ],
    [
      7,
      9,
      38,
      2
    ],
    [
      4,
      6,
      8,
      40
    ]
  ],
  "fresh_real_eval": {
    "path": "data/processed_sweep_freshIJ_h48hpc12_20260507_140925/seed_17/fresh_real_eval.csv",
    "rows": 39,
    "accuracy": 0.5641025641025641,
    "macro_f1": 0.5394586894586895,
    "per_class": {
      "AVOID_PERSON": {
        "precision": 0.3,
        "recall": 1.0,
        "f1": 0.4615384615384615
      },
      "MOVE_TO_CHAIR": {
        "precision": 0.8333333333333334,
        "recall": 0.4166666666666667,
        "f1": 0.5555555555555556
      },
      "CHECK_TABLE": {
        "precision": 0.5,
        "recall": 0.3333333333333333,
        "f1": 0.4
      },
      "EXPLORE": {
        "precision": 0.6666666666666666,
        "recall": 0.8333333333333334,
        "f1": 0.7407407407407408
      }
    },
    "confusion_matrix": [
      [
        3,
        0,
        0,
        0
      ],
      [
        0,
        5,
        4,
        3
      ],
      [
        6,
        0,
        4,
        2
      ],
      [
        1,
        1,
        0,
        10
      ]
    ]
  }
}