{
  "model_algorithm": "mlp",
  "sequence_length": 10,
  "feature_size": 43,
  "feature_columns": [
    "f0",
    "f1",
    "f2",
    "f3",
    "f4",
    "f5",
    "f6",
    "f7",
    "f8",
    "f9",
    "f10",
    "f11",
    "f12",
    "f13",
    "f14",
    "f15",
    "f16",
    "f17",
    "f18",
    "f19",
    "f20",
    "f21",
    "f22",
    "f23",
    "f24",
    "f25",
    "f26",
    "f27",
    "f28",
    "f29",
    "f30",
    "f31",
    "f32",
    "f33",
    "f34",
    "f35",
    "f36",
    "f37",
    "f38",
    "f39",
    "f40",
    "f41",
    "f42"
  ],
  "seed": 42,
  "threshold_local_rows": 50000,
  "dataset_rows": {
    "train": 1055,
    "val": 219,
    "test": 223,
    "total": 1497
  },
  "accuracy": {
    "best_val": 0.639269406392694,
    "test": 0.6233183856502242
  },
  "macro_f1": 0.6317293063330799,
  "per_class": {
    "AVOID_PERSON": {
      "precision": 0.7843137254901961,
      "recall": 0.7272727272727273,
      "f1": 0.7547169811320754
    },
    "MOVE_TO_CHAIR": {
      "precision": 0.4714285714285714,
      "recall": 0.6,
      "f1": 0.528
    },
    "CHECK_TABLE": {
      "precision": 0.5166666666666667,
      "recall": 0.543859649122807,
      "f1": 0.52991452991453
    },
    "EXPLORE": {
      "precision": 0.8333333333333334,
      "recall": 0.625,
      "f1": 0.7142857142857143
    }
  },
  "confusion_matrix": [
    [
      40,
      6,
      9,
      0
    ],
    [
      4,
      33,
      12,
      6
    ],
    [
      7,
      18,
      31,
      1
    ],
    [
      0,
      13,
      8,
      35
    ]
  ],
  "fresh_real_eval": {
    "path": "data/processed_tuning_20260507_134005/exp_15_hpc12_hmin32_hn0p35/seed_42/fresh_real_eval.csv",
    "rows": 39,
    "accuracy": 0.48717948717948717,
    "macro_f1": 0.5004600662495399,
    "per_class": {
      "AVOID_PERSON": {
        "precision": 0.375,
        "recall": 1.0,
        "f1": 0.5454545454545454
      },
      "MOVE_TO_CHAIR": {
        "precision": 0.7142857142857143,
        "recall": 0.4166666666666667,
        "f1": 0.5263157894736842
      },
      "CHECK_TABLE": {
        "precision": 0.35714285714285715,
        "recall": 0.4166666666666667,
        "f1": 0.3846153846153846
      },
      "EXPLORE": {
        "precision": 0.6,
        "recall": 0.5,
        "f1": 0.5454545454545454
      }
    },
    "confusion_matrix": [
      [
        3,
        0,
        0,
        0
      ],
      [
        0,
        5,
        6,
        1
      ],
      [
        4,
        0,
        5,
        3
      ],
      [
        1,
        2,
        3,
        6
      ]
    ]
  }
}