{
  "model_algorithm": "gru",
  "sequence_length": 10,
  "feature_size": 43,
  "feature_columns": [
    "f0",
    "f1",
    "f2",
    "f3",
    "f4",
    "f5",
    "f6",
    "f7",
    "f8",
    "f9",
    "f10",
    "f11",
    "f12",
    "f13",
    "f14",
    "f15",
    "f16",
    "f17",
    "f18",
    "f19",
    "f20",
    "f21",
    "f22",
    "f23",
    "f24",
    "f25",
    "f26",
    "f27",
    "f28",
    "f29",
    "f30",
    "f31",
    "f32",
    "f33",
    "f34",
    "f35",
    "f36",
    "f37",
    "f38",
    "f39",
    "f40",
    "f41",
    "f42"
  ],
  "seed": 17,
  "threshold_local_rows": 50000,
  "dataset_rows": {
    "train": 671,
    "val": 135,
    "test": 143,
    "total": 949
  },
  "accuracy": {
    "best_val": 0.7555555555555555,
    "test": 0.8111888111888111
  },
  "macro_f1": 0.8105106970324362,
  "per_class": {
    "AVOID_PERSON": {
      "precision": 0.868421052631579,
      "recall": 0.8918918918918919,
      "f1": 0.88
    },
    "MOVE_TO_CHAIR": {
      "precision": 0.6857142857142857,
      "recall": 0.6857142857142857,
      "f1": 0.6857142857142857
    },
    "CHECK_TABLE": {
      "precision": 0.8,
      "recall": 0.7567567567567568,
      "f1": 0.7777777777777778
    },
    "EXPLORE": {
      "precision": 0.8857142857142857,
      "recall": 0.9117647058823529,
      "f1": 0.8985507246376812
    }
  },
  "confusion_matrix": [
    [
      33,
      1,
      3,
      0
    ],
    [
      3,
      24,
      4,
      4
    ],
    [
      2,
      7,
      28,
      0
    ],
    [
      0,
      3,
      0,
      31
    ]
  ],
  "fresh_real_eval": {
    "path": "data/processed_sweep_20260507_001307/seed_17/fresh_real_eval.csv",
    "rows": 27,
    "accuracy": 0.8148148148148148,
    "macro_f1": 0.5816464237516868,
    "per_class": {
      "AVOID_PERSON": {
        "precision": 0.5,
        "recall": 1.0,
        "f1": 0.6666666666666666
      },
      "MOVE_TO_CHAIR": {
        "precision": 0.0,
        "recall": 0.0,
        "f1": 0.0
      },
      "CHECK_TABLE": {
        "precision": 1.0,
        "recall": 0.5833333333333334,
        "f1": 0.7368421052631579
      },
      "EXPLORE": {
        "precision": 0.8571428571428571,
        "recall": 1.0,
        "f1": 0.923076923076923
      }
    },
    "confusion_matrix": [
      [
        3,
        0,
        0,
        0
      ],
      [
        0,
        0,
        0,
        0
      ],
      [
        3,
        0,
        7,
        2
      ],
      [
        0,
        0,
        0,
        12
      ]
    ]
  }
}