{
  "model_algorithm": "mlp",
  "sequence_length": 10,
  "feature_size": 43,
  "feature_columns": [
    "f0",
    "f1",
    "f2",
    "f3",
    "f4",
    "f5",
    "f6",
    "f7",
    "f8",
    "f9",
    "f10",
    "f11",
    "f12",
    "f13",
    "f14",
    "f15",
    "f16",
    "f17",
    "f18",
    "f19",
    "f20",
    "f21",
    "f22",
    "f23",
    "f24",
    "f25",
    "f26",
    "f27",
    "f28",
    "f29",
    "f30",
    "f31",
    "f32",
    "f33",
    "f34",
    "f35",
    "f36",
    "f37",
    "f38",
    "f39",
    "f40",
    "f41",
    "f42"
  ],
  "seed": 42,
  "threshold_local_rows": 50000,
  "dataset_rows": {
    "train": 1235,
    "val": 255,
    "test": 263,
    "total": 1753
  },
  "accuracy": {
    "best_val": 0.6745098039215687,
    "test": 0.6692015209125475
  },
  "macro_f1": 0.6735207889125799,
  "per_class": {
    "AVOID_PERSON": {
      "precision": 0.6486486486486487,
      "recall": 0.7272727272727273,
      "f1": 0.6857142857142857
    },
    "MOVE_TO_CHAIR": {
      "precision": 0.6119402985074627,
      "recall": 0.6119402985074627,
      "f1": 0.6119402985074627
    },
    "CHECK_TABLE": {
      "precision": 0.5866666666666667,
      "recall": 0.676923076923077,
      "f1": 0.6285714285714286
    },
    "EXPLORE": {
      "precision": 0.9148936170212766,
      "recall": 0.6615384615384615,
      "f1": 0.7678571428571428
    }
  },
  "confusion_matrix": [
    [
      48,
      4,
      14,
      0
    ],
    [
      11,
      41,
      11,
      4
    ],
    [
      10,
      11,
      44,
      0
    ],
    [
      5,
      11,
      6,
      43
    ]
  ],
  "fresh_real_eval": {
    "path": "data/processed_track1/20260507_145827/cycle_03_noise_check/seed_42/fresh_real_eval.csv",
    "rows": 39,
    "accuracy": 0.48717948717948717,
    "macro_f1": 0.44056618819776716,
    "per_class": {
      "AVOID_PERSON": {
        "precision": 0.1111111111111111,
        "recall": 0.3333333333333333,
        "f1": 0.16666666666666666
      },
      "MOVE_TO_CHAIR": {
        "precision": 0.5714285714285714,
        "recall": 0.3333333333333333,
        "f1": 0.4210526315789474
      },
      "CHECK_TABLE": {
        "precision": 0.5,
        "recall": 0.4166666666666667,
        "f1": 0.45454545454545453
      },
      "EXPLORE": {
        "precision": 0.6923076923076923,
        "recall": 0.75,
        "f1": 0.7199999999999999
      }
    },
    "confusion_matrix": [
      [
        1,
        1,
        1,
        0
      ],
      [
        2,
        4,
        3,
        3
      ],
      [
        6,
        0,
        5,
        1
      ],
      [
        0,
        2,
        1,
        9
      ]
    ]
  }
}