{
  "model_algorithm": "gru",
  "sequence_length": 10,
  "feature_size": 43,
  "feature_columns": [
    "f0",
    "f1",
    "f2",
    "f3",
    "f4",
    "f5",
    "f6",
    "f7",
    "f8",
    "f9",
    "f10",
    "f11",
    "f12",
    "f13",
    "f14",
    "f15",
    "f16",
    "f17",
    "f18",
    "f19",
    "f20",
    "f21",
    "f22",
    "f23",
    "f24",
    "f25",
    "f26",
    "f27",
    "f28",
    "f29",
    "f30",
    "f31",
    "f32",
    "f33",
    "f34",
    "f35",
    "f36",
    "f37",
    "f38",
    "f39",
    "f40",
    "f41",
    "f42"
  ],
  "threshold_local_rows": 50000,
  "dataset_rows": {
    "train": 591,
    "val": 119,
    "test": 123,
    "total": 833
  },
  "accuracy": {
    "best_val": 0.7478991596638656,
    "test": 0.6910569105691057
  },
  "macro_f1": 0.683684576768229,
  "per_class": {
    "AVOID_PERSON": {
      "precision": 0.717948717948718,
      "recall": 0.9032258064516129,
      "f1": 0.8
    },
    "MOVE_TO_CHAIR": {
      "precision": 0.75,
      "recall": 0.6774193548387096,
      "f1": 0.7118644067796611
    },
    "CHECK_TABLE": {
      "precision": 0.6,
      "recall": 0.5,
      "f1": 0.5454545454545454
    },
    "EXPLORE": {
      "precision": 0.6774193548387096,
      "recall": 0.6774193548387096,
      "f1": 0.6774193548387096
    }
  },
  "confusion_matrix": [
    [
      28,
      3,
      0,
      0
    ],
    [
      4,
      21,
      4,
      2
    ],
    [
      6,
      1,
      15,
      8
    ],
    [
      1,
      3,
      6,
      21
    ]
  ],
  "fresh_real_eval": {
    "path": "data/processed_exp_candidate_over_30_32_1e3/fresh_real_eval.csv",
    "rows": 14,
    "accuracy": 0.7857142857142857,
    "macro_f1": 0.5725490196078431,
    "per_class": {
      "AVOID_PERSON": {
        "precision": 1.0,
        "recall": 0.5,
        "f1": 0.6666666666666666
      },
      "MOVE_TO_CHAIR": {
        "precision": 1.0,
        "recall": 0.6666666666666666,
        "f1": 0.8
      },
      "CHECK_TABLE": {
        "precision": 0.0,
        "recall": 0.0,
        "f1": 0.0
      },
      "EXPLORE": {
        "precision": 0.7,
        "recall": 1.0,
        "f1": 0.8235294117647058
      }
    },
    "confusion_matrix": [
      [
        2,
        0,
        0,
        2
      ],
      [
        0,
        2,
        0,
        1
      ],
      [
        0,
        0,
        0,
        0
      ],
      [
        0,
        0,
        0,
        7
      ]
    ]
  }
}