{
  "model_algorithm": "mlp",
  "sequence_length": 10,
  "feature_size": 43,
  "feature_columns": [
    "f0",
    "f1",
    "f2",
    "f3",
    "f4",
    "f5",
    "f6",
    "f7",
    "f8",
    "f9",
    "f10",
    "f11",
    "f12",
    "f13",
    "f14",
    "f15",
    "f16",
    "f17",
    "f18",
    "f19",
    "f20",
    "f21",
    "f22",
    "f23",
    "f24",
    "f25",
    "f26",
    "f27",
    "f28",
    "f29",
    "f30",
    "f31",
    "f32",
    "f33",
    "f34",
    "f35",
    "f36",
    "f37",
    "f38",
    "f39",
    "f40",
    "f41",
    "f42"
  ],
  "seed": 42,
  "threshold_local_rows": 50000,
  "dataset_rows": {
    "train": 1067,
    "val": 219,
    "test": 227,
    "total": 1513
  },
  "accuracy": {
    "best_val": 0.6210045662100456,
    "test": 0.6211453744493393
  },
  "macro_f1": 0.6180364216600336,
  "per_class": {
    "AVOID_PERSON": {
      "precision": 0.6833333333333333,
      "recall": 0.7068965517241379,
      "f1": 0.6949152542372882
    },
    "MOVE_TO_CHAIR": {
      "precision": 0.6451612903225806,
      "recall": 0.35714285714285715,
      "f1": 0.4597701149425288
    },
    "CHECK_TABLE": {
      "precision": 0.45454545454545453,
      "recall": 0.7142857142857143,
      "f1": 0.5555555555555556
    },
    "EXPLORE": {
      "precision": 0.8333333333333334,
      "recall": 0.7017543859649122,
      "f1": 0.7619047619047619
    }
  },
  "confusion_matrix": [
    [
      41,
      6,
      11,
      0
    ],
    [
      6,
      20,
      25,
      5
    ],
    [
      11,
      2,
      40,
      3
    ],
    [
      2,
      3,
      12,
      40
    ]
  ],
  "fresh_real_eval": {
    "path": "data/processed_tuning_20260507_134005/exp_03_hpc8_hmin32_hn0p35/seed_42/fresh_real_eval.csv",
    "rows": 23,
    "accuracy": 0.5217391304347826,
    "macro_f1": 0.42051282051282046,
    "per_class": {
      "AVOID_PERSON": {
        "precision": 0.0,
        "recall": 0.0,
        "f1": 0.0
      },
      "MOVE_TO_CHAIR": {
        "precision": 0.6666666666666666,
        "recall": 0.5714285714285714,
        "f1": 0.6153846153846153
      },
      "CHECK_TABLE": {
        "precision": 0.42857142857142855,
        "recall": 0.375,
        "f1": 0.39999999999999997
      },
      "EXPLORE": {
        "precision": 0.7142857142857143,
        "recall": 0.625,
        "f1": 0.6666666666666666
      }
    },
    "confusion_matrix": [
      [
        0,
        0,
        0,
        0
      ],
      [
        0,
        4,
        3,
        0
      ],
      [
        2,
        1,
        3,
        2
      ],
      [
        1,
        1,
        1,
        5
      ]
    ]
  }
}