{
  "model_algorithm": "gru",
  "sequence_length": 10,
  "feature_size": 43,
  "feature_columns": [
    "f0",
    "f1",
    "f2",
    "f3",
    "f4",
    "f5",
    "f6",
    "f7",
    "f8",
    "f9",
    "f10",
    "f11",
    "f12",
    "f13",
    "f14",
    "f15",
    "f16",
    "f17",
    "f18",
    "f19",
    "f20",
    "f21",
    "f22",
    "f23",
    "f24",
    "f25",
    "f26",
    "f27",
    "f28",
    "f29",
    "f30",
    "f31",
    "f32",
    "f33",
    "f34",
    "f35",
    "f36",
    "f37",
    "f38",
    "f39",
    "f40",
    "f41",
    "f42"
  ],
  "seed": 17,
  "threshold_local_rows": 50000,
  "dataset_rows": {
    "train": 691,
    "val": 139,
    "test": 143,
    "total": 973
  },
  "accuracy": {
    "best_val": 0.7985611510791367,
    "test": 0.8041958041958042
  },
  "macro_f1": 0.8006285979432541,
  "per_class": {
    "AVOID_PERSON": {
      "precision": 0.9459459459459459,
      "recall": 0.9459459459459459,
      "f1": 0.9459459459459459
    },
    "MOVE_TO_CHAIR": {
      "precision": 0.7307692307692307,
      "recall": 0.5428571428571428,
      "f1": 0.6229508196721311
    },
    "CHECK_TABLE": {
      "precision": 0.6595744680851063,
      "recall": 0.8378378378378378,
      "f1": 0.7380952380952381
    },
    "EXPLORE": {
      "precision": 0.9090909090909091,
      "recall": 0.8823529411764706,
      "f1": 0.8955223880597014
    }
  },
  "confusion_matrix": [
    [
      35,
      0,
      2,
      0
    ],
    [
      1,
      19,
      12,
      3
    ],
    [
      1,
      5,
      31,
      0
    ],
    [
      0,
      2,
      2,
      30
    ]
  ],
  "fresh_real_eval": {
    "path": "data/processed_sweep_20260507_005303/seed_17/fresh_real_eval.csv",
    "rows": 39,
    "accuracy": 0.6666666666666666,
    "macro_f1": 0.680952380952381,
    "per_class": {
      "AVOID_PERSON": {
        "precision": 0.75,
        "recall": 1.0,
        "f1": 0.8571428571428571
      },
      "MOVE_TO_CHAIR": {
        "precision": 0.5,
        "recall": 0.3333333333333333,
        "f1": 0.4
      },
      "CHECK_TABLE": {
        "precision": 0.7777777777777778,
        "recall": 0.5833333333333334,
        "f1": 0.6666666666666666
      },
      "EXPLORE": {
        "precision": 0.6666666666666666,
        "recall": 1.0,
        "f1": 0.8
      }
    },
    "confusion_matrix": [
      [
        3,
        0,
        0,
        0
      ],
      [
        0,
        4,
        2,
        6
      ],
      [
        1,
        4,
        7,
        0
      ],
      [
        0,
        0,
        0,
        12
      ]
    ]
  }
}