{
  "model_algorithm": "mlp",
  "sequence_length": 10,
  "feature_size": 43,
  "feature_columns": [
    "f0",
    "f1",
    "f2",
    "f3",
    "f4",
    "f5",
    "f6",
    "f7",
    "f8",
    "f9",
    "f10",
    "f11",
    "f12",
    "f13",
    "f14",
    "f15",
    "f16",
    "f17",
    "f18",
    "f19",
    "f20",
    "f21",
    "f22",
    "f23",
    "f24",
    "f25",
    "f26",
    "f27",
    "f28",
    "f29",
    "f30",
    "f31",
    "f32",
    "f33",
    "f34",
    "f35",
    "f36",
    "f37",
    "f38",
    "f39",
    "f40",
    "f41",
    "f42"
  ],
  "seed": 42,
  "threshold_local_rows": 50000,
  "dataset_rows": {
    "train": 1063,
    "val": 219,
    "test": 223,
    "total": 1505
  },
  "accuracy": {
    "best_val": 0.6255707762557078,
    "test": 0.6098654708520179
  },
  "macro_f1": 0.612225419133514,
  "per_class": {
    "AVOID_PERSON": {
      "precision": 0.6363636363636364,
      "recall": 0.6363636363636364,
      "f1": 0.6363636363636364
    },
    "MOVE_TO_CHAIR": {
      "precision": 0.5882352941176471,
      "recall": 0.5454545454545454,
      "f1": 0.5660377358490566
    },
    "CHECK_TABLE": {
      "precision": 0.5074626865671642,
      "recall": 0.5964912280701754,
      "f1": 0.5483870967741935
    },
    "EXPLORE": {
      "precision": 0.74,
      "recall": 0.6607142857142857,
      "f1": 0.6981132075471698
    }
  },
  "confusion_matrix": [
    [
      35,
      3,
      13,
      4
    ],
    [
      6,
      30,
      15,
      4
    ],
    [
      9,
      9,
      34,
      5
    ],
    [
      5,
      9,
      5,
      37
    ]
  ],
  "fresh_real_eval": {
    "path": "data/processed_tuning_20260507_134005/exp_09_hpc10_hmin32_hn0p35/seed_42/fresh_real_eval.csv",
    "rows": 31,
    "accuracy": 0.6129032258064516,
    "macro_f1": 0.5435160427807487,
    "per_class": {
      "AVOID_PERSON": {
        "precision": 0.14285714285714285,
        "recall": 1.0,
        "f1": 0.25
      },
      "MOVE_TO_CHAIR": {
        "precision": 0.8571428571428571,
        "recall": 0.6,
        "f1": 0.7058823529411764
      },
      "CHECK_TABLE": {
        "precision": 0.6,
        "recall": 0.3,
        "f1": 0.4
      },
      "EXPLORE": {
        "precision": 0.75,
        "recall": 0.9,
        "f1": 0.8181818181818182
      }
    },
    "confusion_matrix": [
      [
        1,
        0,
        0,
        0
      ],
      [
        1,
        6,
        2,
        1
      ],
      [
        4,
        1,
        3,
        2
      ],
      [
        1,
        0,
        0,
        9
      ]
    ]
  }
}