{
  "model_algorithm": "mlp",
  "sequence_length": 10,
  "feature_size": 43,
  "feature_columns": [
    "f0",
    "f1",
    "f2",
    "f3",
    "f4",
    "f5",
    "f6",
    "f7",
    "f8",
    "f9",
    "f10",
    "f11",
    "f12",
    "f13",
    "f14",
    "f15",
    "f16",
    "f17",
    "f18",
    "f19",
    "f20",
    "f21",
    "f22",
    "f23",
    "f24",
    "f25",
    "f26",
    "f27",
    "f28",
    "f29",
    "f30",
    "f31",
    "f32",
    "f33",
    "f34",
    "f35",
    "f36",
    "f37",
    "f38",
    "f39",
    "f40",
    "f41",
    "f42"
  ],
  "seed": 17,
  "threshold_local_rows": 50000,
  "dataset_rows": {
    "train": 1107,
    "val": 227,
    "test": 235,
    "total": 1569
  },
  "accuracy": {
    "best_val": 0.6519823788546255,
    "test": 0.6425531914893617
  },
  "macro_f1": 0.647443646433109,
  "per_class": {
    "AVOID_PERSON": {
      "precision": 0.7843137254901961,
      "recall": 0.6779661016949152,
      "f1": 0.7272727272727273
    },
    "MOVE_TO_CHAIR": {
      "precision": 0.559322033898305,
      "recall": 0.559322033898305,
      "f1": 0.559322033898305
    },
    "CHECK_TABLE": {
      "precision": 0.4722222222222222,
      "recall": 0.6071428571428571,
      "f1": 0.53125
    },
    "EXPLORE": {
      "precision": 0.8301886792452831,
      "recall": 0.7213114754098361,
      "f1": 0.7719298245614035
    }
  },
  "confusion_matrix": [
    [
      40,
      6,
      12,
      1
    ],
    [
      4,
      33,
      18,
      4
    ],
    [
      5,
      13,
      34,
      4
    ],
    [
      2,
      7,
      8,
      44
    ]
  ],
  "fresh_real_eval": {
    "path": "data/processed_sweep_freshIJ_h32_20260507_140750/seed_17/fresh_real_eval.csv",
    "rows": 23,
    "accuracy": 0.6086956521739131,
    "macro_f1": 0.43578643578643583,
    "per_class": {
      "AVOID_PERSON": {
        "precision": 0.0,
        "recall": 0.0,
        "f1": 0.0
      },
      "MOVE_TO_CHAIR": {
        "precision": 1.0,
        "recall": 0.2857142857142857,
        "f1": 0.4444444444444445
      },
      "CHECK_TABLE": {
        "precision": 0.6666666666666666,
        "recall": 0.5,
        "f1": 0.5714285714285715
      },
      "EXPLORE": {
        "precision": 0.5714285714285714,
        "recall": 1.0,
        "f1": 0.7272727272727273
      }
    },
    "confusion_matrix": [
      [
        0,
        0,
        0,
        0
      ],
      [
        0,
        2,
        2,
        3
      ],
      [
        1,
        0,
        4,
        3
      ],
      [
        0,
        0,
        0,
        8
      ]
    ]
  }
}