{
  "model_algorithm": "gru",
  "sequence_length": 10,
  "feature_size": 43,
  "feature_columns": [
    "f0",
    "f1",
    "f2",
    "f3",
    "f4",
    "f5",
    "f6",
    "f7",
    "f8",
    "f9",
    "f10",
    "f11",
    "f12",
    "f13",
    "f14",
    "f15",
    "f16",
    "f17",
    "f18",
    "f19",
    "f20",
    "f21",
    "f22",
    "f23",
    "f24",
    "f25",
    "f26",
    "f27",
    "f28",
    "f29",
    "f30",
    "f31",
    "f32",
    "f33",
    "f34",
    "f35",
    "f36",
    "f37",
    "f38",
    "f39",
    "f40",
    "f41",
    "f42"
  ],
  "threshold_local_rows": 50000,
  "dataset_rows": {
    "train": 507,
    "val": 99,
    "test": 107,
    "total": 713
  },
  "accuracy": {
    "best_val": 0.7676767676767676,
    "test": 0.7570093457943925
  },
  "macro_f1": 0.7619787145052237,
  "per_class": {
    "AVOID_PERSON": {
      "precision": 0.9230769230769231,
      "recall": 0.8888888888888888,
      "f1": 0.9056603773584906
    },
    "MOVE_TO_CHAIR": {
      "precision": 0.6333333333333333,
      "recall": 0.6785714285714286,
      "f1": 0.6551724137931035
    },
    "CHECK_TABLE": {
      "precision": 0.6129032258064516,
      "recall": 0.76,
      "f1": 0.6785714285714285
    },
    "EXPLORE": {
      "precision": 0.95,
      "recall": 0.7037037037037037,
      "f1": 0.8085106382978724
    }
  },
  "confusion_matrix": [
    [
      24,
      0,
      3,
      0
    ],
    [
      1,
      19,
      7,
      1
    ],
    [
      1,
      5,
      19,
      0
    ],
    [
      0,
      6,
      2,
      19
    ]
  ],
  "fresh_real_eval": {
    "path": "data/processed_exp_over_30_32_1e3/fresh_real_eval.csv",
    "rows": 37,
    "accuracy": 0.6756756756756757,
    "macro_f1": 0.5461038961038961,
    "per_class": {
      "AVOID_PERSON": {
        "precision": 1.0,
        "recall": 0.5714285714285714,
        "f1": 0.7272727272727273
      },
      "MOVE_TO_CHAIR": {
        "precision": 0.75,
        "recall": 0.5,
        "f1": 0.6
      },
      "CHECK_TABLE": {
        "precision": 0.0,
        "recall": 0.0,
        "f1": 0.0
      },
      "EXPLORE": {
        "precision": 0.75,
        "recall": 1.0,
        "f1": 0.8571428571428571
      }
    },
    "confusion_matrix": [
      [
        4,
        3,
        0,
        0
      ],
      [
        0,
        9,
        5,
        4
      ],
      [
        0,
        0,
        0,
        0
      ],
      [
        0,
        0,
        0,
        12
      ]
    ]
  }
}