{
  "model_algorithm": "gru",
  "sequence_length": 10,
  "feature_size": 43,
  "feature_columns": [
    "f0",
    "f1",
    "f2",
    "f3",
    "f4",
    "f5",
    "f6",
    "f7",
    "f8",
    "f9",
    "f10",
    "f11",
    "f12",
    "f13",
    "f14",
    "f15",
    "f16",
    "f17",
    "f18",
    "f19",
    "f20",
    "f21",
    "f22",
    "f23",
    "f24",
    "f25",
    "f26",
    "f27",
    "f28",
    "f29",
    "f30",
    "f31",
    "f32",
    "f33",
    "f34",
    "f35",
    "f36",
    "f37",
    "f38",
    "f39",
    "f40",
    "f41",
    "f42"
  ],
  "threshold_local_rows": 50000,
  "dataset_rows": {
    "train": 615,
    "val": 123,
    "test": 131,
    "total": 869
  },
  "accuracy": {
    "best_val": 0.7560975609756098,
    "test": 0.7938931297709924
  },
  "macro_f1": 0.7940911499735028,
  "per_class": {
    "AVOID_PERSON": {
      "precision": 0.8285714285714286,
      "recall": 0.8787878787878788,
      "f1": 0.8529411764705883
    },
    "MOVE_TO_CHAIR": {
      "precision": 0.6829268292682927,
      "recall": 0.8484848484848485,
      "f1": 0.7567567567567567
    },
    "CHECK_TABLE": {
      "precision": 0.75,
      "recall": 0.65625,
      "f1": 0.7
    },
    "EXPLORE": {
      "precision": 0.9629629629629629,
      "recall": 0.7878787878787878,
      "f1": 0.8666666666666665
    }
  },
  "confusion_matrix": [
    [
      29,
      1,
      3,
      0
    ],
    [
      3,
      28,
      2,
      0
    ],
    [
      3,
      7,
      21,
      1
    ],
    [
      0,
      5,
      2,
      26
    ]
  ],
  "fresh_real_eval": {
    "path": "data/processed_refix_over/fresh_real_eval.csv",
    "rows": 16,
    "accuracy": 0.75,
    "macro_f1": 0.375,
    "per_class": {
      "AVOID_PERSON": {
        "precision": 0.0,
        "recall": 0.0,
        "f1": 0.0
      },
      "MOVE_TO_CHAIR": {
        "precision": 0.0,
        "recall": 0.0,
        "f1": 0.0
      },
      "CHECK_TABLE": {
        "precision": 1.0,
        "recall": 0.3333333333333333,
        "f1": 0.5
      },
      "EXPLORE": {
        "precision": 1.0,
        "recall": 1.0,
        "f1": 1.0
      }
    },
    "confusion_matrix": [
      [
        0,
        0,
        0,
        0
      ],
      [
        0,
        0,
        0,
        0
      ],
      [
        1,
        3,
        2,
        0
      ],
      [
        0,
        0,
        0,
        10
      ]
    ]
  }
}