{
  "model_algorithm": "gru",
  "sequence_length": 10,
  "feature_size": 43,
  "feature_columns": [
    "f0",
    "f1",
    "f2",
    "f3",
    "f4",
    "f5",
    "f6",
    "f7",
    "f8",
    "f9",
    "f10",
    "f11",
    "f12",
    "f13",
    "f14",
    "f15",
    "f16",
    "f17",
    "f18",
    "f19",
    "f20",
    "f21",
    "f22",
    "f23",
    "f24",
    "f25",
    "f26",
    "f27",
    "f28",
    "f29",
    "f30",
    "f31",
    "f32",
    "f33",
    "f34",
    "f35",
    "f36",
    "f37",
    "f38",
    "f39",
    "f40",
    "f41",
    "f42"
  ],
  "seed": 123,
  "threshold_local_rows": 50000,
  "dataset_rows": {
    "train": 691,
    "val": 139,
    "test": 143,
    "total": 973
  },
  "accuracy": {
    "best_val": 0.7050359712230215,
    "test": 0.7062937062937062
  },
  "macro_f1": 0.7058924149382345,
  "per_class": {
    "AVOID_PERSON": {
      "precision": 0.8055555555555556,
      "recall": 0.7837837837837838,
      "f1": 0.7945205479452055
    },
    "MOVE_TO_CHAIR": {
      "precision": 0.6060606060606061,
      "recall": 0.6060606060606061,
      "f1": 0.6060606060606061
    },
    "CHECK_TABLE": {
      "precision": 0.6,
      "recall": 0.8108108108108109,
      "f1": 0.6896551724137931
    },
    "EXPLORE": {
      "precision": 0.9166666666666666,
      "recall": 0.6111111111111112,
      "f1": 0.7333333333333334
    }
  },
  "confusion_matrix": [
    [
      29,
      2,
      6,
      0
    ],
    [
      3,
      20,
      8,
      2
    ],
    [
      4,
      3,
      30,
      0
    ],
    [
      0,
      8,
      6,
      22
    ]
  ],
  "fresh_real_eval": {
    "path": "data/processed_sweep_20260507_005303/seed_123/fresh_real_eval.csv",
    "rows": 39,
    "accuracy": 0.7435897435897436,
    "macro_f1": 0.6936713286713286,
    "per_class": {
      "AVOID_PERSON": {
        "precision": 0.375,
        "recall": 1.0,
        "f1": 0.5454545454545454
      },
      "MOVE_TO_CHAIR": {
        "precision": 0.7142857142857143,
        "recall": 0.8333333333333334,
        "f1": 0.7692307692307692
      },
      "CHECK_TABLE": {
        "precision": 1.0,
        "recall": 0.3333333333333333,
        "f1": 0.5
      },
      "EXPLORE": {
        "precision": 0.9230769230769231,
        "recall": 1.0,
        "f1": 0.9600000000000001
      }
    },
    "confusion_matrix": [
      [
        3,
        0,
        0,
        0
      ],
      [
        1,
        10,
        0,
        1
      ],
      [
        4,
        4,
        4,
        0
      ],
      [
        0,
        0,
        0,
        12
      ]
    ]
  }
}