{
  "model_algorithm": "mlp",
  "sequence_length": 10,
  "feature_size": 43,
  "feature_columns": [
    "f0",
    "f1",
    "f2",
    "f3",
    "f4",
    "f5",
    "f6",
    "f7",
    "f8",
    "f9",
    "f10",
    "f11",
    "f12",
    "f13",
    "f14",
    "f15",
    "f16",
    "f17",
    "f18",
    "f19",
    "f20",
    "f21",
    "f22",
    "f23",
    "f24",
    "f25",
    "f26",
    "f27",
    "f28",
    "f29",
    "f30",
    "f31",
    "f32",
    "f33",
    "f34",
    "f35",
    "f36",
    "f37",
    "f38",
    "f39",
    "f40",
    "f41",
    "f42"
  ],
  "seed": 42,
  "threshold_local_rows": 50000,
  "dataset_rows": {
    "train": 1099,
    "val": 227,
    "test": 231,
    "total": 1557
  },
  "accuracy": {
    "best_val": 0.6872246696035242,
    "test": 0.6320346320346321
  },
  "macro_f1": 0.634850095116821,
  "per_class": {
    "AVOID_PERSON": {
      "precision": 0.8076923076923077,
      "recall": 0.7368421052631579,
      "f1": 0.7706422018348624
    },
    "MOVE_TO_CHAIR": {
      "precision": 0.5185185185185185,
      "recall": 0.4745762711864407,
      "f1": 0.49557522123893805
    },
    "CHECK_TABLE": {
      "precision": 0.5142857142857142,
      "recall": 0.6428571428571429,
      "f1": 0.5714285714285714
    },
    "EXPLORE": {
      "precision": 0.7272727272727273,
      "recall": 0.6779661016949152,
      "f1": 0.7017543859649122
    }
  },
  "confusion_matrix": [
    [
      42,
      4,
      11,
      0
    ],
    [
      2,
      28,
      17,
      12
    ],
    [
      7,
      10,
      36,
      3
    ],
    [
      1,
      12,
      6,
      40
    ]
  ],
  "fresh_real_eval": {
    "path": "data/processed_sweep_20260507_134301/seed_42/fresh_real_eval.csv",
    "rows": 23,
    "accuracy": 0.5217391304347826,
    "macro_f1": 0.3894230769230769,
    "per_class": {
      "AVOID_PERSON": {
        "precision": 0.0,
        "recall": 0.0,
        "f1": 0.0
      },
      "MOVE_TO_CHAIR": {
        "precision": 0.6666666666666666,
        "recall": 0.8571428571428571,
        "f1": 0.75
      },
      "CHECK_TABLE": {
        "precision": 0.4,
        "recall": 0.25,
        "f1": 0.3076923076923077
      },
      "EXPLORE": {
        "precision": 0.5,
        "recall": 0.5,
        "f1": 0.5
      }
    },
    "confusion_matrix": [
      [
        0,
        0,
        0,
        0
      ],
      [
        0,
        6,
        1,
        0
      ],
      [
        0,
        2,
        2,
        4
      ],
      [
        1,
        1,
        2,
        4
      ]
    ]
  }
}