{
  "model_algorithm": "mlp",
  "sequence_length": 10,
  "feature_size": 43,
  "feature_columns": [
    "f0",
    "f1",
    "f2",
    "f3",
    "f4",
    "f5",
    "f6",
    "f7",
    "f8",
    "f9",
    "f10",
    "f11",
    "f12",
    "f13",
    "f14",
    "f15",
    "f16",
    "f17",
    "f18",
    "f19",
    "f20",
    "f21",
    "f22",
    "f23",
    "f24",
    "f25",
    "f26",
    "f27",
    "f28",
    "f29",
    "f30",
    "f31",
    "f32",
    "f33",
    "f34",
    "f35",
    "f36",
    "f37",
    "f38",
    "f39",
    "f40",
    "f41",
    "f42"
  ],
  "seed": 42,
  "threshold_local_rows": 50000,
  "dataset_rows": {
    "train": 1099,
    "val": 227,
    "test": 231,
    "total": 1557
  },
  "accuracy": {
    "best_val": 0.6607929515418502,
    "test": 0.645021645021645
  },
  "macro_f1": 0.6494475145233397,
  "per_class": {
    "AVOID_PERSON": {
      "precision": 0.8095238095238095,
      "recall": 0.5964912280701754,
      "f1": 0.6868686868686869
    },
    "MOVE_TO_CHAIR": {
      "precision": 0.6101694915254238,
      "recall": 0.6101694915254238,
      "f1": 0.6101694915254238
    },
    "CHECK_TABLE": {
      "precision": 0.5064935064935064,
      "recall": 0.6964285714285714,
      "f1": 0.5864661654135338
    },
    "EXPLORE": {
      "precision": 0.7547169811320755,
      "recall": 0.6779661016949152,
      "f1": 0.7142857142857143
    }
  },
  "confusion_matrix": [
    [
      34,
      4,
      18,
      1
    ],
    [
      0,
      36,
      13,
      10
    ],
    [
      7,
      8,
      39,
      2
    ],
    [
      1,
      11,
      7,
      40
    ]
  ],
  "fresh_real_eval": {
    "path": "data/processed_tuning_20260507_134005/exp_02_hpc8_hmin32_hn0p25/seed_42/fresh_real_eval.csv",
    "rows": 23,
    "accuracy": 0.6521739130434783,
    "macro_f1": 0.5512820512820512,
    "per_class": {
      "AVOID_PERSON": {
        "precision": 0.0,
        "recall": 0.0,
        "f1": 0.0
      },
      "MOVE_TO_CHAIR": {
        "precision": 1.0,
        "recall": 0.8571428571428571,
        "f1": 0.923076923076923
      },
      "CHECK_TABLE": {
        "precision": 0.8,
        "recall": 0.5,
        "f1": 0.6153846153846154
      },
      "EXPLORE": {
        "precision": 0.7142857142857143,
        "recall": 0.625,
        "f1": 0.6666666666666666
      }
    },
    "confusion_matrix": [
      [
        0,
        0,
        0,
        0
      ],
      [
        1,
        6,
        0,
        0
      ],
      [
        2,
        0,
        4,
        2
      ],
      [
        2,
        0,
        1,
        5
      ]
    ]
  }
}