f0,f1,f2,f3,f4,f5,f6,f7,f8,f9,f10,f11,f12,f13,f14,f15,f16,f17,f18,f19,f20,f21,f22,f23,f24,f25,f26,f27,f28,f29,f30,f31,f32,f33,f34,f35,f36,f37,f38,f39,f40,f41,f42,label,source_type,source_file,frame_index,auto_label,needs_review,batch_id,scenario
0.0,1.0,0.0,0.0,0.0,0.0,0.7649513483047485,0.35090169310569763,0.21250000596046448,-0.11666666716337204,0.0,1.0,0.0,0.0,0.0,0.0,0.29492926597595215,0.09703125059604645,-0.7749999761581421,-0.5708333253860474,0.0,0.0,0.0,0.0,0.0,0.0,0.0,0.0,0.0,0.0,1.0,0.0,0.0,0.0,0.0,0.0,0.6666666865348816,0.0,0.0,0.0,0.0,0.0,0.0,MOVE_TO_CHAIR,real_media,IMG_2272.jpg,0,MOVE_TO_CHAIR,1,batch_img2272_real,mixed
