f0,f1,f2,f3,f4,f5,f6,f7,f8,f9,f10,f11,f12,f13,f14,f15,f16,f17,f18,f19,f20,f21,f22,f23,f24,f25,f26,f27,f28,f29,f30,f31,f32,f33,f34,f35,f36,f37,f38,f39,f40,f41,f42,label,source_type,source_file,frame_index,auto_label,needs_review,batch_id,scenario
0.0,0.0,0.0,0.0,0.0,1.0,0.7933550477027893,0.3994726538658142,-0.15000000596046448,0.19166666269302368,0.0,0.0,0.0,0.0,0.0,0.0,0.0,0.0,0.0,0.0,0.0,0.0,0.0,0.0,0.0,0.0,0.0,0.0,0.0,0.0,1.0,0.0,0.0,0.0,0.0,0.0,0.3333333432674408,0.0,0.0,0.0,0.0,0.0,0.0,CHECK_TABLE,real_media,IMG_2274.jpg,0,EXPLORE,0,batch_img2274_real,mixed
