f0,f1,f2,f3,f4,f5,f6,f7,f8,f9,f10,f11,f12,f13,f14,f15,f16,f17,f18,f19,f20,f21,f22,f23,f24,f25,f26,f27,f28,f29,f30,f31,f32,f33,f34,f35,f36,f37,f38,f39,f40,f41,f42,label,source_type,source_file,frame_index,auto_label,needs_review,batch_id,scenario
0.0,1.0,0.0,0.0,0.0,0.0,0.740792453289032,0.07618815451860428,-0.3218750059604645,-0.13333334028720856,0.0,1.0,0.0,0.0,0.0,0.0,0.6335601210594177,0.057011719793081284,0.05937499925494194,-0.05833333358168602,0.0,0.0,0.0,0.0,0.0,0.0,0.0,0.0,0.0,0.0,1.0,0.0,0.0,0.0,0.0,0.0,0.6666666865348816,0.0,0.0,0.0,0.0,0.0,0.0,MOVE_TO_CHAIR,real_media,IMG_2273.jpg,0,MOVE_TO_CHAIR,0,batch_img2273_real,mixed
