{
  "model_algorithm": "mlp",
  "sequence_length": 10,
  "feature_size": 43,
  "feature_columns": [
    "f0",
    "f1",
    "f2",
    "f3",
    "f4",
    "f5",
    "f6",
    "f7",
    "f8",
    "f9",
    "f10",
    "f11",
    "f12",
    "f13",
    "f14",
    "f15",
    "f16",
    "f17",
    "f18",
    "f19",
    "f20",
    "f21",
    "f22",
    "f23",
    "f24",
    "f25",
    "f26",
    "f27",
    "f28",
    "f29",
    "f30",
    "f31",
    "f32",
    "f33",
    "f34",
    "f35",
    "f36",
    "f37",
    "f38",
    "f39",
    "f40",
    "f41",
    "f42"
  ],
  "seed": 42,
  "threshold_local_rows": 50000,
  "dataset_rows": {
    "train": 885,
    "val": 181,
    "test": 187,
    "total": 1253
  },
  "accuracy": {
    "best_val": 0.6464088397790055,
    "test": 0.6844919786096256
  },
  "macro_f1": 0.6883177495642825,
  "per_class": {
    "AVOID_PERSON": {
      "precision": 0.8333333333333334,
      "recall": 0.7608695652173914,
      "f1": 0.7954545454545455
    },
    "MOVE_TO_CHAIR": {
      "precision": 0.5737704918032787,
      "recall": 0.7291666666666666,
      "f1": 0.6422018348623854
    },
    "CHECK_TABLE": {
      "precision": 0.5652173913043478,
      "recall": 0.5777777777777777,
      "f1": 0.5714285714285713
    },
    "EXPLORE": {
      "precision": 0.8421052631578947,
      "recall": 0.6666666666666666,
      "f1": 0.744186046511628
    }
  },
  "confusion_matrix": [
    [
      35,
      3,
      8,
      0
    ],
    [
      4,
      35,
      9,
      0
    ],
    [
      2,
      11,
      26,
      6
    ],
    [
      1,
      12,
      3,
      32
    ]
  ],
  "fresh_real_eval": {
    "path": "data/processed_exp_cap_freshIJ_h32_seed42/fresh_real_eval.csv",
    "rows": 23,
    "accuracy": 0.5217391304347826,
    "macro_f1": 0.40980392156862744,
    "per_class": {
      "AVOID_PERSON": {
        "precision": 0.0,
        "recall": 0.0,
        "f1": 0.0
      },
      "MOVE_TO_CHAIR": {
        "precision": 0.6666666666666666,
        "recall": 0.2857142857142857,
        "f1": 0.4
      },
      "CHECK_TABLE": {
        "precision": 0.5714285714285714,
        "recall": 0.5,
        "f1": 0.5333333333333333
      },
      "EXPLORE": {
        "precision": 0.6666666666666666,
        "recall": 0.75,
        "f1": 0.7058823529411765
      }
    },
    "confusion_matrix": [
      [
        0,
        0,
        0,
        0
      ],
      [
        1,
        2,
        2,
        2
      ],
      [
        2,
        1,
        4,
        1
      ],
      [
        1,
        0,
        1,
        6
      ]
    ]
  }
}