{
  "model_algorithm": "mlp",
  "sequence_length": 10,
  "feature_size": 43,
  "feature_columns": [
    "f0",
    "f1",
    "f2",
    "f3",
    "f4",
    "f5",
    "f6",
    "f7",
    "f8",
    "f9",
    "f10",
    "f11",
    "f12",
    "f13",
    "f14",
    "f15",
    "f16",
    "f17",
    "f18",
    "f19",
    "f20",
    "f21",
    "f22",
    "f23",
    "f24",
    "f25",
    "f26",
    "f27",
    "f28",
    "f29",
    "f30",
    "f31",
    "f32",
    "f33",
    "f34",
    "f35",
    "f36",
    "f37",
    "f38",
    "f39",
    "f40",
    "f41",
    "f42"
  ],
  "seed": 42,
  "threshold_local_rows": 50000,
  "dataset_rows": {
    "train": 1087,
    "val": 223,
    "test": 231,
    "total": 1541
  },
  "accuracy": {
    "best_val": 0.7040358744394619,
    "test": 0.6017316017316018
  },
  "macro_f1": 0.6044868424570252,
  "per_class": {
    "AVOID_PERSON": {
      "precision": 0.75,
      "recall": 0.631578947368421,
      "f1": 0.6857142857142857
    },
    "MOVE_TO_CHAIR": {
      "precision": 0.46875,
      "recall": 0.5084745762711864,
      "f1": 0.4878048780487804
    },
    "CHECK_TABLE": {
      "precision": 0.5084745762711864,
      "recall": 0.5357142857142857,
      "f1": 0.5217391304347826
    },
    "EXPLORE": {
      "precision": 0.7166666666666667,
      "recall": 0.7288135593220338,
      "f1": 0.7226890756302521
    }
  },
  "confusion_matrix": [
    [
      36,
      9,
      10,
      2
    ],
    [
      3,
      30,
      16,
      10
    ],
    [
      5,
      16,
      30,
      5
    ],
    [
      4,
      9,
      3,
      43
    ]
  ],
  "fresh_real_eval": {
    "path": "data/processed_tuning_20260507_134005/exp_17_hpc12_hmin40_hn0p25/seed_42/fresh_real_eval.csv",
    "rows": 39,
    "accuracy": 0.5641025641025641,
    "macro_f1": 0.549132027392897,
    "per_class": {
      "AVOID_PERSON": {
        "precision": 0.3,
        "recall": 1.0,
        "f1": 0.4615384615384615
      },
      "MOVE_TO_CHAIR": {
        "precision": 0.6666666666666666,
        "recall": 0.5,
        "f1": 0.5714285714285715
      },
      "CHECK_TABLE": {
        "precision": 0.4444444444444444,
        "recall": 0.3333333333333333,
        "f1": 0.380952380952381
      },
      "EXPLORE": {
        "precision": 0.8181818181818182,
        "recall": 0.75,
        "f1": 0.7826086956521738
      }
    },
    "confusion_matrix": [
      [
        3,
        0,
        0,
        0
      ],
      [
        0,
        6,
        5,
        1
      ],
      [
        6,
        1,
        4,
        1
      ],
      [
        1,
        2,
        0,
        9
      ]
    ]
  }
}