{
  "model_algorithm": "mlp",
  "sequence_length": 10,
  "feature_size": 43,
  "feature_columns": [
    "f0",
    "f1",
    "f2",
    "f3",
    "f4",
    "f5",
    "f6",
    "f7",
    "f8",
    "f9",
    "f10",
    "f11",
    "f12",
    "f13",
    "f14",
    "f15",
    "f16",
    "f17",
    "f18",
    "f19",
    "f20",
    "f21",
    "f22",
    "f23",
    "f24",
    "f25",
    "f26",
    "f27",
    "f28",
    "f29",
    "f30",
    "f31",
    "f32",
    "f33",
    "f34",
    "f35",
    "f36",
    "f37",
    "f38",
    "f39",
    "f40",
    "f41",
    "f42"
  ],
  "seed": 42,
  "threshold_local_rows": 50000,
  "dataset_rows": {
    "train": 1247,
    "val": 259,
    "test": 263,
    "total": 1769
  },
  "accuracy": {
    "best_val": 0.7027027027027027,
    "test": 0.596958174904943
  },
  "macro_f1": 0.6015310291748031,
  "per_class": {
    "AVOID_PERSON": {
      "precision": 0.6285714285714286,
      "recall": 0.6666666666666666,
      "f1": 0.6470588235294118
    },
    "MOVE_TO_CHAIR": {
      "precision": 0.5526315789473685,
      "recall": 0.6268656716417911,
      "f1": 0.5874125874125874
    },
    "CHECK_TABLE": {
      "precision": 0.4657534246575342,
      "recall": 0.5230769230769231,
      "f1": 0.4927536231884058
    },
    "EXPLORE": {
      "precision": 0.8409090909090909,
      "recall": 0.5692307692307692,
      "f1": 0.6788990825688073
    }
  },
  "confusion_matrix": [
    [
      44,
      7,
      15,
      0
    ],
    [
      6,
      42,
      16,
      3
    ],
    [
      12,
      15,
      34,
      4
    ],
    [
      8,
      12,
      8,
      37
    ]
  ],
  "fresh_real_eval": {
    "path": "data/processed_sweep_cycleK_h32_20260507_142436/seed_42/fresh_real_eval.csv",
    "rows": 23,
    "accuracy": 0.6521739130434783,
    "macro_f1": 0.4727941176470588,
    "per_class": {
      "AVOID_PERSON": {
        "precision": 0.0,
        "recall": 0.0,
        "f1": 0.0
      },
      "MOVE_TO_CHAIR": {
        "precision": 0.6666666666666666,
        "recall": 0.8571428571428571,
        "f1": 0.75
      },
      "CHECK_TABLE": {
        "precision": 0.5,
        "recall": 0.125,
        "f1": 0.2
      },
      "EXPLORE": {
        "precision": 0.8888888888888888,
        "recall": 1.0,
        "f1": 0.9411764705882353
      }
    },
    "confusion_matrix": [
      [
        0,
        0,
        0,
        0
      ],
      [
        0,
        6,
        1,
        0
      ],
      [
        3,
        3,
        1,
        1
      ],
      [
        0,
        0,
        0,
        8
      ]
    ]
  }
}