{
  "model_algorithm": "mlp",
  "sequence_length": 10,
  "feature_size": 43,
  "feature_columns": [
    "f0",
    "f1",
    "f2",
    "f3",
    "f4",
    "f5",
    "f6",
    "f7",
    "f8",
    "f9",
    "f10",
    "f11",
    "f12",
    "f13",
    "f14",
    "f15",
    "f16",
    "f17",
    "f18",
    "f19",
    "f20",
    "f21",
    "f22",
    "f23",
    "f24",
    "f25",
    "f26",
    "f27",
    "f28",
    "f29",
    "f30",
    "f31",
    "f32",
    "f33",
    "f34",
    "f35",
    "f36",
    "f37",
    "f38",
    "f39",
    "f40",
    "f41",
    "f42"
  ],
  "seed": 123,
  "threshold_local_rows": 50000,
  "dataset_rows": {
    "train": 1095,
    "val": 227,
    "test": 231,
    "total": 1553
  },
  "accuracy": {
    "best_val": 0.6784140969162996,
    "test": 0.6147186147186147
  },
  "macro_f1": 0.6191492058262824,
  "per_class": {
    "AVOID_PERSON": {
      "precision": 0.5285714285714286,
      "recall": 0.6271186440677966,
      "f1": 0.5736434108527132
    },
    "MOVE_TO_CHAIR": {
      "precision": 0.6666666666666666,
      "recall": 0.5084745762711864,
      "f1": 0.576923076923077
    },
    "CHECK_TABLE": {
      "precision": 0.5076923076923077,
      "recall": 0.5789473684210527,
      "f1": 0.540983606557377
    },
    "EXPLORE": {
      "precision": 0.8235294117647058,
      "recall": 0.75,
      "f1": 0.7850467289719627
    }
  },
  "confusion_matrix": [
    [
      37,
      4,
      15,
      3
    ],
    [
      12,
      30,
      14,
      3
    ],
    [
      15,
      6,
      33,
      3
    ],
    [
      6,
      5,
      3,
      42
    ]
  ],
  "fresh_real_eval": {
    "path": "data/processed_sweep_freshIJ_h48hpc12_20260507_140925/seed_123/fresh_real_eval.csv",
    "rows": 39,
    "accuracy": 0.5384615384615384,
    "macro_f1": 0.5555555555555556,
    "per_class": {
      "AVOID_PERSON": {
        "precision": 0.5,
        "recall": 1.0,
        "f1": 0.6666666666666666
      },
      "MOVE_TO_CHAIR": {
        "precision": 0.6666666666666666,
        "recall": 0.3333333333333333,
        "f1": 0.4444444444444444
      },
      "CHECK_TABLE": {
        "precision": 0.4,
        "recall": 0.5,
        "f1": 0.4444444444444445
      },
      "EXPLORE": {
        "precision": 0.6666666666666666,
        "recall": 0.6666666666666666,
        "f1": 0.6666666666666666
      }
    },
    "confusion_matrix": [
      [
        3,
        0,
        0,
        0
      ],
      [
        1,
        4,
        6,
        1
      ],
      [
        2,
        1,
        6,
        3
      ],
      [
        0,
        1,
        3,
        8
      ]
    ]
  }
}